$MeshFormat
4.1 0 8
$EndMeshFormat
$Entities
4 4 1 0
1 0 0 0 0 
2 1 0 0 0 
3 1 1 0 0 
4 0 1 0 0 
1 0 0 0 1 0 0 1 1 2 1 -2 
2 1 0 0 1 1 0 1 1 2 2 -3 
3 0 1 0 1 1 0 1 1 2 3 -4 
4 0 0 0 0 1 0 1 1 2 4 -1 
1 0 0 0 1 1 0 1 2 4 3 4 1 2 
$EndEntities
$Nodes
9 2601 1 2601
0 1 0 1
1
0 0 0
0 2 0 1
2
1 0 0
0 3 0 1
3
1 1 0
0 4 0 1
4
0 1 0
1 1 0 49
5
6
7
8
9
10
11
12
13
14
15
16
17
18
19
20
21
22
23
24
25
26
27
28
29
30
31
32
33
34
35
36
37
38
39
40
41
42
43
44
45
46
47
48
49
50
51
52
53
0.01999999999996226 0 0
0.03999999999992165 0 0
0.05999999999987805 0 0
0.07999999999984476 0 0
0.09999999999981413 0 0
0.1199999999997825 0 0
0.1399999999997321 0 0
0.1599999999996737 0 0
0.1799999999996153 0 0
0.1999999999995569 0 0
0.2199999999994985 0 0
0.2399999999994402 0 0
0.2599999999993817 0 0
0.2799999999993234 0 0
0.299999999999265 0 0
0.3199999999992066 0 0
0.3399999999991483 0 0
0.3599999999990898 0 0
0.3799999999990315 0 0
0.3999999999989731 0 0
0.4199999999989147 0 0
0.4399999999988564 0 0
0.4599999999987979 0 0
0.4799999999987396 0 0
0.4999999999986921 0 0
0.5199999999987339 0 0
0.5399999999987867 0 0
0.5599999999988394 0 0
0.5799999999988923 0 0
0.5999999999989449 0 0
0.6199999999989977 0 0
0.6399999999990504 0 0
0.6599999999991032 0 0
0.6799999999991559 0 0
0.6999999999992087 0 0
0.7199999999992615 0 0
0.7399999999993142 0 0
0.759999999999367 0 0
0.7799999999994197 0 0
0.7999999999994724 0 0
0.8199999999995252 0 0
0.839999999999578 0 0
0.8599999999996307 0 0
0.8799999999996835 0 0
0.8999999999997362 0 0
0.9199999999997889 0 0
0.9399999999998417 0 0
0.9599999999998945 0 0
0.9799999999999472 0 0
1 2 0 49
54
55
56
57
58
59
60
61
62
63
64
65
66
67
68
69
70
71
72
73
74
75
76
77
78
79
80
81
82
83
84
85
86
87
88
89
90
91
92
93
94
95
96
97
98
99
100
101
102
1 0.01999999999996226 0
1 0.03999999999992165 0
1 0.05999999999987805 0
1 0.07999999999984476 0
1 0.09999999999981413 0
1 0.1199999999997825 0
1 0.1399999999997321 0
1 0.1599999999996737 0
1 0.1799999999996153 0
1 0.1999999999995569 0
1 0.2199999999994985 0
1 0.2399999999994402 0
1 0.2599999999993817 0
1 0.2799999999993234 0
1 0.299999999999265 0
1 0.3199999999992066 0
1 0.3399999999991483 0
1 0.3599999999990898 0
1 0.3799999999990315 0
1 0.3999999999989731 0
1 0.4199999999989147 0
1 0.4399999999988564 0
1 0.4599999999987979 0
1 0.4799999999987396 0
1 0.4999999999986921 0
1 0.5199999999987339 0
1 0.5399999999987867 0
1 0.5599999999988394 0
1 0.5799999999988923 0
1 0.5999999999989449 0
1 0.6199999999989977 0
1 0.6399999999990504 0
1 0.6599999999991032 0
1 0.6799999999991559 0
1 0.6999999999992087 0
1 0.7199999999992615 0
1 0.7399999999993142 0
1 0.759999999999367 0
1 0.7799999999994197 0
1 0.7999999999994724 0
1 0.8199999999995252 0
1 0.839999999999578 0
1 0.8599999999996307 0
1 0.8799999999996835 0
1 0.8999999999997362 0
1 0.9199999999997889 0
1 0.9399999999998417 0
1 0.9599999999998945 0
1 0.9799999999999472 0
1 3 0 49
103
104
105
106
107
108
109
110
111
112
113
114
115
116
117
118
119
120
121
122
123
124
125
126
127
128
129
130
131
132
133
134
135
136
137
138
139
140
141
142
143
144
145
146
147
148
149
150
151
0.9799999999999167 1 0
0.9599999999998334 1 0
0.9399999999997501 1 0
0.9199999999996669 1 0
0.8999999999995836 1 0
0.8799999999995082 1 0
0.8599999999995835 1 0
0.8399999999997224 1 0
0.8199999999998612 1 0
0.8 1 0
0.7800000000001388 1 0
0.7600000000002776 1 0
0.7400000000004163 1 0
0.7200000000005551 1 0
0.7000000000006938 1 0
0.6800000000008326 1 0
0.6600000000009714 1 0
0.64000000000111 1 0
0.6200000000012488 1 0
0.6000000000013874 1 0
0.5800000000015262 1 0
0.5600000000016649 1 0
0.5400000000018037 1 0
0.5200000000019424 1 0
0.5000000000020595 1 0
0.4800000000019978 1 0
0.4600000000019147 1 0
0.4400000000018314 1 0
0.4200000000017482 1 0
0.4000000000016649 1 0
0.3800000000015817 1 0
0.3600000000014983 1 0
0.3400000000014151 1 0
0.3200000000013319 1 0
0.3000000000012486 1 0
0.2800000000011654 1 0
0.2600000000010821 1 0
0.240000000000999 1 0
0.2200000000009157 1 0
0.2000000000008325 1 0
0.1800000000007492 1 0
0.1600000000006659 1 0
0.1400000000005828 1 0
0.1200000000004994 1 0
0.1000000000004162 1 0
0.08000000000033292 1 0
0.06000000000024974 1 0
0.04000000000016646 1 0
0.02000000000008317 1 0
1 4 0 49
152
153
154
155
156
157
158
159
160
161
162
163
164
165
166
167
168
169
170
171
172
173
174
175
176
177
178
179
180
181
182
183
184
185
186
187
188
189
190
191
192
193
194
195
196
197
198
199
200
0 0.9799999999999167 0
0 0.9599999999998334 0
0 0.9399999999997501 0
0 0.9199999999996669 0
0 0.8999999999995836 0
0 0.8799999999995082 0
0 0.8599999999995835 0
0 0.8399999999997224 0
0 0.8199999999998612 0
0 0.8 0
0 0.7800000000001388 0
0 0.7600000000002776 0
0 0.7400000000004163 0
0 0.7200000000005551 0
0 0.7000000000006938 0
0 0.6800000000008326 0
0 0.6600000000009714 0
0 0.64000000000111 0
0 0.6200000000012488 0
0 0.6000000000013874 0
0 0.5800000000015262 0
0 0.5600000000016649 0
0 0.5400000000018037 0
0 0.5200000000019424 0
0 0.5000000000020595 0
0 0.4800000000019978 0
0 0.4600000000019147 0
0 0.4400000000018314 0
0 0.4200000000017482 0
0 0.4000000000016649 0
0 0.3800000000015817 0
0 0.3600000000014983 0
0 0.3400000000014151 0
0 0.3200000000013319 0
0 0.3000000000012486 0
0 0.2800000000011654 0
0 0.2600000000010821 0
0 0.240000000000999 0
0 0.2200000000009157 0
0 0.2000000000008325 0
0 0.1800000000007492 0
0 0.1600000000006659 0
0 0.1400000000005828 0
0 0.1200000000004994 0
0 0.1000000000004162 0
0 0.08000000000033292 0
0 0.06000000000024974 0
0 0.04000000000016646 0
0 0.02000000000008317 0
2 1 0 2401
201
202
203
204
205
206
207
208
209
210
211
212
213
214
215
216
217
218
219
220
221
222
223
224
225
226
227
228
229
230
231
232
233
234
235
236
237
238
239
240
241
242
243
244
245
246
247
248
249
250
251
252
253
254
255
256
257
258
259
260
261
262
263
264
265
266
267
268
269
270
271
272
273
274
275
276
277
278
279
280
281
282
283
284
285
286
287
288
289
290
291
292
293
294
295
296
297
298
299
300
301
302
303
304
305
306
307
308
309
310
311
312
313
314
315
316
317
318
319
320
321
322
323
324
325
326
327
328
329
330
331
332
333
334
335
336
337
338
339
340
341
342
343
344
345
346
347
348
349
350
351
352
353
354
355
356
357
358
359
360
361
362
363
364
365
366
367
368
369
370
371
372
373
374
375
376
377
378
379
380
381
382
383
384
385
386
387
388
389
390
391
392
393
394
395
396
397
398
399
400
401
402
403
404
405
406
407
408
409
410
411
412
413
414
415
416
417
418
419
420
421
422
423
424
425
426
427
428
429
430
431
432
433
434
435
436
437
438
439
440
441
442
443
444
445
446
447
448
449
450
451
452
453
454
455
456
457
458
459
460
461
462
463
464
465
466
467
468
469
470
471
472
473
474
475
476
477
478
479
480
481
482
483
484
485
486
487
488
489
490
491
492
493
494
495
496
497
498
499
500
501
502
503
504
505
506
507
508
509
510
511
512
513
514
515
516
517
518
519
520
521
522
523
524
525
526
527
528
529
530
531
532
533
534
535
536
537
538
539
540
541
542
543
544
545
546
547
548
549
550
551
552
553
554
555
556
557
558
559
560
561
562
563
564
565
566
567
568
569
570
571
572
573
574
575
576
577
578
579
580
581
582
583
584
585
586
587
588
589
590
591
592
593
594
595
596
597
598
599
600
601
602
603
604
605
606
607
608
609
610
611
612
613
614
615
616
617
618
619
620
621
622
623
624
625
626
627
628
629
630
631
632
633
634
635
636
637
638
639
640
641
642
643
644
645
646
647
648
649
650
651
652
653
654
655
656
657
658
659
660
661
662
663
664
665
666
667
668
669
670
671
672
673
674
675
676
677
678
679
680
681
682
683
684
685
686
687
688
689
690
691
692
693
694
695
696
697
698
699
700
701
702
703
704
705
706
707
708
709
710
711
712
713
714
715
716
717
718
719
720
721
722
723
724
725
726
727
728
729
730
731
732
733
734
735
736
737
738
739
740
741
742
743
744
745
746
747
748
749
750
751
752
753
754
755
756
757
758
759
760
761
762
763
764
765
766
767
768
769
770
771
772
773
774
775
776
777
778
779
780
781
782
783
784
785
786
787
788
789
790
791
792
793
794
795
796
797
798
799
800
801
802
803
804
805
806
807
808
809
810
811
812
813
814
815
816
817
818
819
820
821
822
823
824
825
826
827
828
829
830
831
832
833
834
835
836
837
838
839
840
841
842
843
844
845
846
847
848
849
850
851
852
853
854
855
856
857
858
859
860
861
862
863
864
865
866
867
868
869
870
871
872
873
874
875
876
877
878
879
880
881
882
883
884
885
886
887
888
889
890
891
892
893
894
895
896
897
898
899
900
901
902
903
904
905
906
907
908
909
910
911
912
913
914
915
916
917
918
919
920
921
922
923
924
925
926
927
928
929
930
931
932
933
934
935
936
937
938
939
940
941
942
943
944
945
946
947
948
949
950
951
952
953
954
955
956
957
958
959
960
961
962
963
964
965
966
967
968
969
970
971
972
973
974
975
976
977
978
979
980
981
982
983
984
985
986
987
988
989
990
991
992
993
994
995
996
997
998
999
1000
1001
1002
1003
1004
1005
1006
1007
1008
1009
1010
1011
1012
1013
1014
1015
1016
1017
1018
1019
1020
1021
1022
1023
1024
1025
1026
1027
1028
1029
1030
1031
1032
1033
1034
1035
1036
1037
1038
1039
1040
1041
1042
1043
1044
1045
1046
1047
1048
1049
1050
1051
1052
1053
1054
1055
1056
1057
1058
1059
1060
1061
1062
1063
1064
1065
1066
1067
1068
1069
1070
1071
1072
1073
1074
1075
1076
1077
1078
1079
1080
1081
1082
1083
1084
1085
1086
1087
1088
1089
1090
1091
1092
1093
1094
1095
1096
1097
1098
1099
1100
1101
1102
1103
1104
1105
1106
1107
1108
1109
1110
1111
1112
1113
1114
1115
1116
1117
1118
1119
1120
1121
1122
1123
1124
1125
1126
1127
1128
1129
1130
1131
1132
1133
1134
1135
1136
1137
1138
1139
1140
1141
1142
1143
1144
1145
1146
1147
1148
1149
1150
1151
1152
1153
1154
1155
1156
1157
1158
1159
1160
1161
1162
1163
1164
1165
1166
1167
1168
1169
1170
1171
1172
1173
1174
1175
1176
1177
1178
1179
1180
1181
1182
1183
1184
1185
1186
1187
1188
1189
1190
1191
1192
1193
1194
1195
1196
1197
1198
1199
1200
1201
1202
1203
1204
1205
1206
1207
1208
1209
1210
1211
1212
1213
1214
1215
1216
1217
1218
1219
1220
1221
1222
1223
1224
1225
1226
1227
1228
1229
1230
1231
1232
1233
1234
1235
1236
1237
1238
1239
1240
1241
1242
1243
1244
1245
1246
1247
1248
1249
1250
1251
1252
1253
1254
1255
1256
1257
1258
1259
1260
1261
1262
1263
1264
1265
1266
1267
1268
1269
1270
1271
1272
1273
1274
1275
1276
1277
1278
1279
1280
1281
1282
1283
1284
1285
1286
1287
1288
1289
1290
1291
1292
1293
1294
1295
1296
1297
1298
1299
1300
1301
1302
1303
1304
1305
1306
1307
1308
1309
1310
1311
1312
1313
1314
1315
1316
1317
1318
1319
1320
1321
1322
1323
1324
1325
1326
1327
1328
1329
1330
1331
1332
1333
1334
1335
1336
1337
1338
1339
1340
1341
1342
1343
1344
1345
1346
1347
1348
1349
1350
1351
1352
1353
1354
1355
1356
1357
1358
1359
1360
1361
1362
1363
1364
1365
1366
1367
1368
1369
1370
1371
1372
1373
1374
1375
1376
1377
1378
1379
1380
1381
1382
1383
1384
1385
1386
1387
1388
1389
1390
1391
1392
1393
1394
1395
1396
1397
1398
1399
1400
1401
1402
1403
1404
1405
1406
1407
1408
1409
1410
1411
1412
1413
1414
1415
1416
1417
1418
1419
1420
1421
1422
1423
1424
1425
1426
1427
1428
1429
1430
1431
1432
1433
1434
1435
1436
1437
1438
1439
1440
1441
1442
1443
1444
1445
1446
1447
1448
1449
1450
1451
1452
1453
1454
1455
1456
1457
1458
1459
1460
1461
1462
1463
1464
1465
1466
1467
1468
1469
1470
1471
1472
1473
1474
1475
1476
1477
1478
1479
1480
1481
1482
1483
1484
1485
1486
1487
1488
1489
1490
1491
1492
1493
1494
1495
1496
1497
1498
1499
1500
1501
1502
1503
1504
1505
1506
1507
1508
1509
1510
1511
1512
1513
1514
1515
1516
1517
1518
1519
1520
1521
1522
1523
1524
1525
1526
1527
1528
1529
1530
1531
1532
1533
1534
1535
1536
1537
1538
1539
1540
1541
1542
1543
1544
1545
1546
1547
1548
1549
1550
1551
1552
1553
1554
1555
1556
1557
1558
1559
1560
1561
1562
1563
1564
1565
1566
1567
1568
1569
1570
1571
1572
1573
1574
1575
1576
1577
1578
1579
1580
1581
1582
1583
1584
1585
1586
1587
1588
1589
1590
1591
1592
1593
1594
1595
1596
1597
1598
1599
1600
1601
1602
1603
1604
1605
1606
1607
1608
1609
1610
1611
1612
1613
1614
1615
1616
1617
1618
1619
1620
1621
1622
1623
1624
1625
1626
1627
1628
1629
1630
1631
1632
1633
1634
1635
1636
1637
1638
1639
1640
1641
1642
1643
1644
1645
1646
1647
1648
1649
1650
1651
1652
1653
1654
1655
1656
1657
1658
1659
1660
1661
1662
1663
1664
1665
1666
1667
1668
1669
1670
1671
1672
1673
1674
1675
1676
1677
1678
1679
1680
1681
1682
1683
1684
1685
1686
1687
1688
1689
1690
1691
1692
1693
1694
1695
1696
1697
1698
1699
1700
1701
1702
1703
1704
1705
1706
1707
1708
1709
1710
1711
1712
1713
1714
1715
1716
1717
1718
1719
1720
1721
1722
1723
1724
1725
1726
1727
1728
1729
1730
1731
1732
1733
1734
1735
1736
1737
1738
1739
1740
1741
1742
1743
1744
1745
1746
1747
1748
1749
1750
1751
1752
1753
1754
1755
1756
1757
1758
1759
1760
1761
1762
1763
1764
1765
1766
1767
1768
1769
1770
1771
1772
1773
1774
1775
1776
1777
1778
1779
1780
1781
1782
1783
1784
1785
1786
1787
1788
1789
1790
1791
1792
1793
1794
1795
1796
1797
1798
1799
1800
1801
1802
1803
1804
1805
1806
1807
1808
1809
1810
1811
1812
1813
1814
1815
1816
1817
1818
1819
1820
1821
1822
1823
1824
1825
1826
1827
1828
1829
1830
1831
1832
1833
1834
1835
1836
1837
1838
1839
1840
1841
1842
1843
1844
1845
1846
1847
1848
1849
1850
1851
1852
1853
1854
1855
1856
1857
1858
1859
1860
1861
1862
1863
1864
1865
1866
1867
1868
1869
1870
1871
1872
1873
1874
1875
1876
1877
1878
1879
1880
1881
1882
1883
1884
1885
1886
1887
1888
1889
1890
1891
1892
1893
1894
1895
1896
1897
1898
1899
1900
1901
1902
1903
1904
1905
1906
1907
1908
1909
1910
1911
1912
1913
1914
1915
1916
1917
1918
1919
1920
1921
1922
1923
1924
1925
1926
1927
1928
1929
1930
1931
1932
1933
1934
1935
1936
1937
1938
1939
1940
1941
1942
1943
1944
1945
1946
1947
1948
1949
1950
1951
1952
1953
1954
1955
1956
1957
1958
1959
1960
1961
1962
1963
1964
1965
1966
1967
1968
1969
1970
1971
1972
1973
1974
1975
1976
1977
1978
1979
1980
1981
1982
1983
1984
1985
1986
1987
1988
1989
1990
1991
1992
1993
1994
1995
1996
1997
1998
1999
2000
2001
2002
2003
2004
2005
2006
2007
2008
2009
2010
2011
2012
2013
2014
2015
2016
2017
2018
2019
2020
2021
2022
2023
2024
2025
2026
2027
2028
2029
2030
2031
2032
2033
2034
2035
2036
2037
2038
2039
2040
2041
2042
2043
2044
2045
2046
2047
2048
2049
2050
2051
2052
2053
2054
2055
2056
2057
2058
2059
2060
2061
2062
2063
2064
2065
2066
2067
2068
2069
2070
2071
2072
2073
2074
2075
2076
2077
2078
2079
2080
2081
2082
2083
2084
2085
2086
2087
2088
2089
2090
2091
2092
2093
2094
2095
2096
2097
2098
2099
2100
2101
2102
2103
2104
2105
2106
2107
2108
2109
2110
2111
2112
2113
2114
2115
2116
2117
2118
2119
2120
2121
2122
2123
2124
2125
2126
2127
2128
2129
2130
2131
2132
2133
2134
2135
2136
2137
2138
2139
2140
2141
2142
2143
2144
2145
2146
2147
2148
2149
2150
2151
2152
2153
2154
2155
2156
2157
2158
2159
2160
2161
2162
2163
2164
2165
2166
2167
2168
2169
2170
2171
2172
2173
2174
2175
2176
2177
2178
2179
2180
2181
2182
2183
2184
2185
2186
2187
2188
2189
2190
2191
2192
2193
2194
2195
2196
2197
2198
2199
2200
2201
2202
2203
2204
2205
2206
2207
2208
2209
2210
2211
2212
2213
2214
2215
2216
2217
2218
2219
2220
2221
2222
2223
2224
2225
2226
2227
2228
2229
2230
2231
2232
2233
2234
2235
2236
2237
2238
2239
2240
2241
2242
2243
2244
2245
2246
2247
2248
2249
2250
2251
2252
2253
2254
2255
2256
2257
2258
2259
2260
2261
2262
2263
2264
2265
2266
2267
2268
2269
2270
2271
2272
2273
2274
2275
2276
2277
2278
2279
2280
2281
2282
2283
2284
2285
2286
2287
2288
2289
2290
2291
2292
2293
2294
2295
2296
2297
2298
2299
2300
2301
2302
2303
2304
2305
2306
2307
2308
2309
2310
2311
2312
2313
2314
2315
2316
2317
2318
2319
2320
2321
2322
2323
2324
2325
2326
2327
2328
2329
2330
2331
2332
2333
2334
2335
2336
2337
2338
2339
2340
2341
2342
2343
2344
2345
2346
2347
2348
2349
2350
2351
2352
2353
2354
2355
2356
2357
2358
2359
2360
2361
2362
2363
2364
2365
2366
2367
2368
2369
2370
2371
2372
2373
2374
2375
2376
2377
2378
2379
2380
2381
2382
2383
2384
2385
2386
2387
2388
2389
2390
2391
2392
2393
2394
2395
2396
2397
2398
2399
2400
2401
2402
2403
2404
2405
2406
2407
2408
2409
2410
2411
2412
2413
2414
2415
2416
2417
2418
2419
2420
2421
2422
2423
2424
2425
2426
2427
2428
2429
2430
2431
2432
2433
2434
2435
2436
2437
2438
2439
2440
2441
2442
2443
2444
2445
2446
2447
2448
2449
2450
2451
2452
2453
2454
2455
2456
2457
2458
2459
2460
2461
2462
2463
2464
2465
2466
2467
2468
2469
2470
2471
2472
2473
2474
2475
2476
2477
2478
2479
2480
2481
2482
2483
2484
2485
2486
2487
2488
2489
2490
2491
2492
2493
2494
2495
2496
2497
2498
2499
2500
2501
2502
2503
2504
2505
2506
2507
2508
2509
2510
2511
2512
2513
2514
2515
2516
2517
2518
2519
2520
2521
2522
2523
2524
2525
2526
2527
2528
2529
2530
2531
2532
2533
2534
2535
2536
2537
2538
2539
2540
2541
2542
2543
2544
2545
2546
2547
2548
2549
2550
2551
2552
2553
2554
2555
2556
2557
2558
2559
2560
2561
2562
2563
2564
2565
2566
2567
2568
2569
2570
2571
2572
2573
2574
2575
2576
2577
2578
2579
2580
2581
2582
2583
2584
2585
2586
2587
2588
2589
2590
2591
2592
2593
2594
2595
2596
2597
2598
2599
2600
2601
0.9799999999999174 0.9799999999999467 0
0.9799999999999178 0.9599999999998934 0
0.9799999999999185 0.9399999999998399 0
0.9799999999999192 0.9199999999997863 0
0.9799999999999198 0.8999999999997332 0
0.9799999999999203 0.8799999999996798 0
0.9799999999999209 0.8599999999996297 0
0.9799999999999216 0.839999999999581 0
0.9799999999999225 0.8199999999995319 0
0.9799999999999229 0.7999999999994829 0
0.9799999999999234 0.779999999999434 0
0.979999999999924 0.7599999999993852 0
0.9799999999999245 0.7399999999993363 0
0.9799999999999254 0.7199999999992872 0
0.9799999999999258 0.6999999999992386 0
0.9799999999999265 0.6799999999991895 0
0.9799999999999272 0.6599999999991404 0
0.9799999999999278 0.6399999999990916 0
0.9799999999999285 0.6199999999990428 0
0.9799999999999289 0.5999999999989938 0
0.9799999999999296 0.5799999999989451 0
0.9799999999999303 0.559999999998896 0
0.9799999999999309 0.539999999998847 0
0.9799999999999316 0.519999999998798 0
0.979999999999932 0.4999999999987594 0
0.9799999999999327 0.4799999999988048 0
0.9799999999999331 0.4599999999988602 0
0.979999999999934 0.4399999999989158 0
0.9799999999999345 0.4199999999989713 0
0.9799999999999351 0.3999999999990269 0
0.9799999999999356 0.3799999999990825 0
0.9799999999999363 0.359999999999138 0
0.9799999999999367 0.3399999999991935 0
0.9799999999999376 0.3199999999992491 0
0.979999999999938 0.2999999999993046 0
0.9799999999999389 0.2799999999993602 0
0.9799999999999394 0.2599999999994157 0
0.97999999999994 0.2399999999994713 0
0.9799999999999407 0.2199999999995269 0
0.9799999999999411 0.1999999999995824 0
0.9799999999999418 0.1799999999996379 0
0.9799999999999425 0.1599999999996935 0
0.9799999999999429 0.1399999999997491 0
0.9799999999999434 0.1199999999997969 0
0.9799999999999442 0.09999999999982617 0
0.9799999999999447 0.07999999999985452 0
0.9799999999999456 0.05999999999988548 0
0.979999999999946 0.03999999999992655 0
0.9799999999999467 0.01999999999996468 0
0.9599999999998348 0.979999999999946 0
0.9599999999998359 0.9599999999998921 0
0.959999999999837 0.9399999999998381 0
0.9599999999998383 0.9199999999997841 0
0.9599999999998396 0.8999999999997301 0
0.9599999999998405 0.8799999999996765 0
0.9599999999998421 0.8599999999996288 0
0.9599999999998432 0.8399999999995836 0
0.9599999999998443 0.8199999999995385 0
0.9599999999998456 0.7999999999994933 0
0.9599999999998468 0.7799999999994485 0
0.9599999999998481 0.7599999999994034 0
0.9599999999998492 0.7399999999993583 0
0.9599999999998503 0.7199999999993132 0
0.9599999999998516 0.6999999999992681 0
0.959999999999853 0.679999999999223 0
0.9599999999998543 0.6599999999991779 0
0.9599999999998554 0.6399999999991329 0
0.9599999999998565 0.6199999999990876 0
0.9599999999998579 0.5999999999990426 0
0.9599999999998592 0.5799999999989975 0
0.9599999999998603 0.5599999999989524 0
0.9599999999998614 0.5399999999989074 0
0.9599999999998627 0.5199999999988624 0
0.9599999999998641 0.4999999999988267 0
0.9599999999998652 0.4799999999988699 0
0.9599999999998663 0.4599999999989226 0
0.9599999999998676 0.4399999999989754 0
0.959999999999869 0.4199999999990279 0
0.9599999999998698 0.3999999999990808 0
0.9599999999998712 0.3799999999991335 0
0.9599999999998725 0.3599999999991862 0
0.9599999999998738 0.339999999999239 0
0.9599999999998752 0.3199999999992915 0
0.9599999999998761 0.2999999999993443 0
0.9599999999998774 0.2799999999993971 0
0.9599999999998785 0.2599999999994497 0
0.9599999999998798 0.2399999999995025 0
0.9599999999998812 0.2199999999995552 0
0.9599999999998823 0.1999999999996079 0
0.9599999999998836 0.1799999999996607 0
0.9599999999998845 0.1599999999997134 0
0.9599999999998858 0.1399999999997661 0
0.9599999999998872 0.1199999999998112 0
0.9599999999998885 0.09999999999983822 0
0.9599999999998894 0.07999999999986429 0
0.9599999999998907 0.05999999999989292 0
0.9599999999998921 0.03999999999993145 0
0.9599999999998934 0.0199999999999671 0
0.9399999999997519 0.9799999999999456 0
0.9399999999997537 0.9599999999998907 0
0.9399999999997557 0.9399999999998363 0
0.9399999999997575 0.9199999999997814 0
0.9399999999997593 0.899999999999727 0
0.9399999999997612 0.8799999999996729 0
0.939999999999763 0.859999999999628 0
0.9399999999997648 0.8399999999995867 0
0.9399999999997666 0.8199999999995452 0
0.9399999999997684 0.799999999999504 0
0.9399999999997701 0.7799999999994629 0
0.9399999999997721 0.7599999999994218 0
0.9399999999997741 0.7399999999993803 0
0.9399999999997757 0.7199999999993392 0
0.9399999999997777 0.6999999999992979 0
0.9399999999997795 0.6799999999992565 0
0.9399999999997812 0.6599999999992154 0
0.939999999999783 0.639999999999174 0
0.939999999999785 0.6199999999991327 0
0.9399999999997868 0.5999999999990915 0
0.9399999999997888 0.5799999999990504 0
0.9399999999997903 0.5599999999990088 0
0.9399999999997923 0.5399999999989678 0
0.9399999999997941 0.5199999999989263 0
0.9399999999997959 0.4999999999988942 0
0.9399999999997977 0.4799999999989352 0
0.9399999999997994 0.459999999998985 0
0.9399999999998014 0.4399999999990348 0
0.9399999999998032 0.4199999999990848 0
0.9399999999998052 0.3999999999991346 0
0.939999999999807 0.3799999999991845 0
0.9399999999998088 0.3599999999992344 0
0.9399999999998108 0.3399999999992843 0
0.9399999999998123 0.3199999999993342 0
0.9399999999998141 0.299999999999384 0
0.9399999999998161 0.2799999999994339 0
0.9399999999998181 0.2599999999994838 0
0.9399999999998199 0.2399999999995337 0
0.9399999999998216 0.2199999999995835 0
0.9399999999998234 0.1999999999996335 0
0.9399999999998252 0.1799999999996833 0
0.939999999999827 0.1599999999997332 0
0.939999999999829 0.1399999999997831 0
0.9399999999998307 0.1199999999998256 0
0.9399999999998325 0.09999999999985026 0
0.9399999999998345 0.07999999999987406 0
0.9399999999998363 0.05999999999990036 0
0.9399999999998381 0.03999999999993634 0
0.9399999999998399 0.01999999999996951 0
0.9199999999996693 0.9799999999999447 0
0.9199999999996717 0.9599999999998896 0
0.9199999999996744 0.9399999999998345 0
0.9199999999996766 0.9199999999997792 0
0.9199999999996791 0.8999999999997239 0
0.9199999999996815 0.8799999999996696 0
0.9199999999996837 0.8599999999996271 0
0.9199999999996864 0.8399999999995894 0
0.9199999999996886 0.8199999999995523 0
0.9199999999996913 0.7999999999995147 0
0.9199999999996937 0.7799999999994771 0
0.9199999999996959 0.7599999999994398 0
0.9199999999996984 0.7399999999994025 0
0.9199999999997011 0.7199999999993649 0
0.9199999999997035 0.6999999999993274 0
0.9199999999997059 0.6799999999992901 0
0.9199999999997084 0.6599999999992527 0
0.9199999999997108 0.6399999999992153 0
0.9199999999997133 0.6199999999991778 0
0.9199999999997157 0.5999999999991403 0
0.9199999999997182 0.579999999999103 0
0.9199999999997206 0.5599999999990655 0
0.919999999999723 0.5399999999990281 0
0.9199999999997255 0.5199999999989907 0
0.9199999999997279 0.4999999999989615 0
0.9199999999997301 0.4799999999990002 0
0.9199999999997328 0.4599999999990473 0
0.919999999999735 0.4399999999990944 0
0.9199999999997377 0.4199999999991414 0
0.9199999999997401 0.3999999999991884 0
0.9199999999997426 0.3799999999992355 0
0.919999999999745 0.3599999999992826 0
0.9199999999997472 0.3399999999993296 0
0.9199999999997499 0.3199999999993766 0
0.9199999999997521 0.2999999999994236 0
0.9199999999997546 0.2799999999994708 0
0.919999999999757 0.2599999999995178 0
0.9199999999997595 0.2399999999995649 0
0.9199999999997619 0.219999999999612 0
0.9199999999997643 0.199999999999659 0
0.9199999999997668 0.179999999999706 0
0.9199999999997694 0.159999999999753 0
0.9199999999997717 0.1399999999998001 0
0.9199999999997743 0.1199999999998399 0
0.9199999999997766 0.09999999999986228 0
0.9199999999997792 0.07999999999988383 0
0.9199999999997814 0.05999999999990779 0
0.9199999999997841 0.03999999999994124 0
0.9199999999997863 0.01999999999997194 0
0.8999999999995867 0.9799999999999442 0
0.8999999999995896 0.9599999999998885 0
0.8999999999995927 0.9399999999998327 0
0.8999999999995958 0.9199999999997766 0
0.8999999999995989 0.899999999999721 0
0.8999999999996018 0.879999999999666 0
0.8999999999996049 0.8599999999996262 0
0.899999999999608 0.8399999999995925 0
0.8999999999996109 0.819999999999559 0
0.8999999999996142 0.7999999999995251 0
0.8999999999996171 0.7799999999994918 0
0.8999999999996202 0.759999999999458 0
0.8999999999996233 0.7399999999994245 0
0.8999999999996262 0.7199999999993907 0
0.8999999999996293 0.6999999999993571 0
0.8999999999996324 0.6799999999993236 0
0.8999999999996355 0.65999999999929 0
0.8999999999996386 0.6399999999992564 0
0.8999999999996415 0.6199999999992228 0
0.8999999999996446 0.5999999999991892 0
0.8999999999996475 0.5799999999991556 0
0.8999999999996506 0.5599999999991221 0
0.8999999999996537 0.5399999999990885 0
0.8999999999996569 0.5199999999990547 0
0.89999999999966 0.4999999999990288 0
0.8999999999996631 0.4799999999990655 0
0.899999999999666 0.4599999999991096 0
0.8999999999996691 0.4399999999991538 0
0.8999999999996722 0.419999999999198 0
0.8999999999996753 0.3999999999992422 0
0.8999999999996782 0.3799999999992865 0
0.8999999999996813 0.3599999999993307 0
0.8999999999996844 0.3399999999993749 0
0.8999999999996875 0.3199999999994191 0
0.8999999999996904 0.2999999999994634 0
0.8999999999996937 0.2799999999995076 0
0.8999999999996966 0.2599999999995518 0
0.8999999999996995 0.239999999999596 0
0.8999999999997026 0.2199999999996403 0
0.8999999999997057 0.1999999999996844 0
0.8999999999997088 0.1799999999997287 0
0.8999999999997119 0.1599999999997729 0
0.8999999999997148 0.1399999999998172 0
0.8999999999997181 0.1199999999998542 0
0.8999999999997208 0.09999999999987433 0
0.8999999999997239 0.0799999999998936 0
0.899999999999727 0.05999999999991522 0
0.8999999999997301 0.03999999999994613 0
0.8999999999997332 0.01999999999997436 0
0.8799999999995115 0.9799999999999436 0
0.8799999999995153 0.9599999999998872 0
0.8799999999995188 0.9399999999998307 0
0.8799999999995222 0.9199999999997743 0
0.8799999999995255 0.8999999999997179 0
0.8799999999995294 0.8799999999996626 0
0.8799999999995328 0.8599999999996251 0
0.8799999999995364 0.8399999999995952 0
0.8799999999995397 0.8199999999995656 0
0.8799999999995433 0.7999999999995355 0
0.8799999999995466 0.779999999999506 0
0.8799999999995504 0.7599999999994762 0
0.8799999999995539 0.7399999999994464 0
0.8799999999995572 0.7199999999994167 0
0.8799999999995607 0.6999999999993869 0
0.8799999999995642 0.6799999999993571 0
0.8799999999995678 0.6599999999993273 0
0.8799999999995712 0.6399999999992975 0
0.8799999999995748 0.6199999999992679 0
0.8799999999995783 0.599999999999238 0
0.8799999999995817 0.5799999999992085 0
0.8799999999995852 0.5599999999991785 0
0.879999999999589 0.5399999999991487 0
0.8799999999995923 0.5199999999991191 0
0.8799999999995959 0.4999999999990961 0
0.8799999999995994 0.4799999999991306 0
0.879999999999603 0.459999999999172 0
0.8799999999996063 0.4399999999992134 0
0.8799999999996099 0.4199999999992546 0
0.8799999999996132 0.3999999999992961 0
0.8799999999996169 0.3799999999993375 0
0.8799999999996205 0.3599999999993788 0
0.8799999999996239 0.3399999999994202 0
0.8799999999996275 0.3199999999994616 0
0.8799999999996311 0.299999999999503 0
0.8799999999996344 0.2799999999995445 0
0.8799999999996382 0.2599999999995858 0
0.8799999999996415 0.2399999999996272 0
0.8799999999996446 0.2199999999996686 0
0.8799999999996483 0.19999999999971 0
0.8799999999996518 0.1799999999997514 0
0.8799999999996554 0.1599999999997928 0
0.8799999999996589 0.1399999999998341 0
0.8799999999996625 0.1199999999998685 0
0.879999999999666 0.09999999999988637 0
0.8799999999996694 0.07999999999990334 0
0.8799999999996729 0.05999999999992266 0
0.8799999999996765 0.03999999999995103 0
0.8799999999996798 0.01999999999997677 0
0.8599999999995844 0.9799999999999429 0
0.8599999999995855 0.9599999999998858 0
0.8599999999995864 0.939999999999829 0
0.8599999999995873 0.9199999999997717 0
0.8599999999995882 0.899999999999715 0
0.8599999999995893 0.8799999999996589 0
0.8599999999995902 0.859999999999624 0
0.8599999999995909 0.8399999999995984 0
0.859999999999592 0.8199999999995723 0
0.8599999999995929 0.7999999999995462 0
0.8599999999995938 0.7799999999995204 0
0.8599999999995949 0.7599999999994944 0
0.8599999999995958 0.7399999999994686 0
0.8599999999995969 0.7199999999994426 0
0.8599999999995978 0.6999999999994166 0
0.8599999999995986 0.6799999999993906 0
0.8599999999995995 0.6599999999993647 0
0.8599999999996006 0.6399999999993388 0
0.8599999999996013 0.6199999999993129 0
0.8599999999996024 0.5999999999992869 0
0.8599999999996035 0.5799999999992609 0
0.8599999999996044 0.5599999999992349 0
0.8599999999996051 0.5399999999992091 0
0.8599999999996062 0.519999999999183 0
0.8599999999996071 0.4999999999991636 0
0.859999999999608 0.4799999999991957 0
0.8599999999996091 0.4599999999992342 0
0.8599999999996097 0.4399999999992729 0
0.8599999999996109 0.4199999999993115 0
0.859999999999612 0.3999999999993499 0
0.8599999999996126 0.3799999999993886 0
0.8599999999996137 0.3599999999994271 0
0.8599999999996146 0.3399999999994656 0
0.8599999999996155 0.3199999999995041 0
0.8599999999996164 0.2999999999995426 0
0.8599999999996175 0.2799999999995814 0
0.8599999999996186 0.2599999999996198 0
0.8599999999996193 0.2399999999996584 0
0.8599999999996204 0.2199999999996969 0
0.8599999999996213 0.1999999999997355 0
0.8599999999996222 0.179999999999774 0
0.8599999999996231 0.1599999999998126 0
0.859999999999624 0.1399999999998511 0
0.8599999999996251 0.1199999999998829 0
0.859999999999626 0.09999999999989842 0
0.8599999999996271 0.07999999999991309 0
0.859999999999628 0.05999999999993008 0
0.8599999999996288 0.03999999999995593 0
0.8599999999996297 0.01999999999997919 0
0.8399999999997193 0.9799999999999425 0
0.8399999999997166 0.9599999999998847 0
0.8399999999997138 0.9399999999998272 0
0.8399999999997111 0.9199999999997694 0
0.839999999999708 0.8999999999997119 0
0.8399999999997049 0.8799999999996554 0
0.8399999999997023 0.8599999999996231 0
0.8399999999996994 0.8399999999996011 0
0.8399999999996964 0.819999999999579 0
0.8399999999996935 0.7999999999995568 0
0.8399999999996907 0.7799999999995348 0
0.8399999999996878 0.7599999999995126 0
0.8399999999996847 0.7399999999994906 0
0.8399999999996819 0.7199999999994684 0
0.8399999999996791 0.6999999999994464 0
0.8399999999996762 0.6799999999994242 0
0.8399999999996733 0.659999999999402 0
0.8399999999996701 0.63999999999938 0
0.8399999999996675 0.6199999999993578 0
0.8399999999996647 0.5999999999993357 0
0.8399999999996618 0.5799999999993137 0
0.8399999999996587 0.5599999999992915 0
0.839999999999656 0.5399999999992693 0
0.8399999999996531 0.5199999999992474 0
0.8399999999996502 0.4999999999992308 0
0.8399999999996471 0.4799999999992609 0
0.8399999999996445 0.4599999999992965 0
0.8399999999996416 0.4399999999993324 0
0.8399999999996387 0.4199999999993681 0
0.8399999999996358 0.3999999999994038 0
0.8399999999996329 0.3799999999994396 0
0.8399999999996299 0.3599999999994752 0
0.8399999999996273 0.339999999999511 0
0.8399999999996242 0.3199999999995466 0
0.8399999999996214 0.2999999999995824 0
0.8399999999996183 0.2799999999996181 0
0.8399999999996156 0.2599999999996537 0
0.8399999999996127 0.2399999999996896 0
0.8399999999996097 0.2199999999997253 0
0.8399999999996066 0.199999999999761 0
0.8399999999996041 0.1799999999997967 0
0.839999999999601 0.1599999999998324 0
0.8399999999995983 0.1399999999998682 0
0.8399999999995952 0.1199999999998972 0
0.8399999999995925 0.09999999999991047 0
0.8399999999995893 0.07999999999992286 0
0.8399999999995867 0.05999999999993752 0
0.8399999999995836 0.03999999999996082 0
0.839999999999581 0.01999999999998161 0
0.8199999999998545 0.9799999999999418 0
0.8199999999998476 0.9599999999998836 0
0.8199999999998412 0.9399999999998252 0
0.8199999999998343 0.919999999999767 0
0.8199999999998276 0.8999999999997088 0
0.819999999999821 0.8799999999996518 0
0.8199999999998143 0.8599999999996222 0
0.8199999999998074 0.8399999999996041 0
0.8199999999998008 0.8199999999995856 0
0.8199999999997939 0.7999999999995673 0
0.8199999999997872 0.7799999999995491 0
0.8199999999997803 0.7599999999995308 0
0.8199999999997738 0.7399999999995126 0
0.819999999999767 0.7199999999994944 0
0.8199999999997604 0.6999999999994762 0
0.8199999999997538 0.6799999999994577 0
0.8199999999997468 0.6599999999994395 0
0.8199999999997402 0.6399999999994211 0
0.8199999999997336 0.6199999999994029 0
0.8199999999997268 0.5999999999993846 0
0.8199999999997202 0.5799999999993664 0
0.8199999999997135 0.5599999999993481 0
0.8199999999997064 0.5399999999993297 0
0.8199999999997 0.5199999999993113 0
0.8199999999996933 0.4999999999992981 0
0.8199999999996864 0.4799999999993261 0
0.8199999999996798 0.4599999999993589 0
0.8199999999996729 0.4399999999993919 0
0.8199999999996664 0.4199999999994247 0
0.8199999999996596 0.3999999999994576 0
0.819999999999653 0.3799999999994905 0
0.8199999999996459 0.3599999999995234 0
0.8199999999996394 0.3399999999995563 0
0.8199999999996326 0.3199999999995891 0
0.819999999999626 0.299999999999622 0
0.8199999999996193 0.279999999999655 0
0.8199999999996127 0.2599999999996878 0
0.8199999999996057 0.2399999999997208 0
0.8199999999995992 0.2199999999997536 0
0.8199999999995922 0.1999999999997865 0
0.8199999999995856 0.1799999999998194 0
0.819999999999579 0.1599999999998523 0
0.8199999999995723 0.1399999999998852 0
0.8199999999995656 0.1199999999999116 0
0.8199999999995587 0.09999999999992251 0
0.8199999999995521 0.07999999999993263 0
0.8199999999995452 0.05999999999994496 0
0.8199999999995385 0.03999999999996573 0
0.8199999999995319 0.01999999999998403 0
0.7999999999999894 0.9799999999999411 0
0.799999999999979 0.9599999999998823 0
0.7999999999999683 0.9399999999998234 0
0.7999999999999579 0.9199999999997646 0
0.7999999999999472 0.8999999999997057 0
0.7999999999999365 0.8799999999996483 0
0.7999999999999261 0.8599999999996213 0
0.7999999999999154 0.8399999999996067 0
0.799999999999905 0.8199999999995923 0
0.7999999999998946 0.7999999999995779 0
0.7999999999998839 0.7799999999995635 0
0.7999999999998735 0.759999999999549 0
0.7999999999998626 0.7399999999995346 0
0.7999999999998522 0.7199999999995201 0
0.7999999999998415 0.6999999999995057 0
0.7999999999998311 0.6799999999994912 0
0.7999999999998204 0.6599999999994768 0
0.79999999999981 0.6399999999994622 0
0.7999999999997993 0.6199999999994478 0
0.7999999999997891 0.5999999999994334 0
0.7999999999997784 0.579999999999419 0
0.7999999999997678 0.5599999999994045 0
0.7999999999997573 0.5399999999993901 0
0.7999999999997469 0.5199999999993757 0
0.7999999999997363 0.4999999999993656 0
0.7999999999997258 0.4799999999993912 0
0.7999999999997152 0.4599999999994213 0
0.7999999999997045 0.4399999999994514 0
0.7999999999996938 0.4199999999994813 0
0.7999999999996834 0.3999999999995115 0
0.799999999999673 0.3799999999995416 0
0.7999999999996623 0.3599999999995716 0
0.7999999999996517 0.3399999999996016 0
0.7999999999996412 0.3199999999996317 0
0.7999999999996308 0.2999999999996616 0
0.7999999999996201 0.2799999999996918 0
0.7999999999996097 0.2599999999997218 0
0.799999999999599 0.2399999999997519 0
0.7999999999995884 0.219999999999782 0
0.7999999999995779 0.199999999999812 0
0.7999999999995675 0.1799999999998421 0
0.7999999999995568 0.1599999999998721 0
0.7999999999995462 0.1399999999999022 0
0.7999999999995357 0.1199999999999259 0
0.7999999999995251 0.09999999999993453 0
0.7999999999995147 0.07999999999994239 0
0.799999999999504 0.0599999999999524 0
0.7999999999994933 0.03999999999997061 0
0.7999999999994829 0.01999999999998645 0
0.7800000000001244 0.9799999999999405 0
0.7800000000001099 0.9599999999998809 0
0.7800000000000957 0.9399999999998216 0
0.7800000000000813 0.9199999999997621 0
0.7800000000000669 0.8999999999997026 0
0.7800000000000527 0.8799999999996447 0
0.7800000000000382 0.8599999999996204 0
0.7800000000000238 0.8399999999996098 0
0.7800000000000094 0.8199999999995992 0
0.7799999999999949 0.7999999999995884 0
0.7799999999999807 0.7799999999995779 0
0.7799999999999663 0.7599999999995675 0
0.7799999999999521 0.7399999999995566 0
0.7799999999999374 0.7199999999995461 0
0.7799999999999232 0.6999999999995354 0
0.7799999999999088 0.6799999999995248 0
0.7799999999998943 0.6599999999995143 0
0.7799999999998799 0.6399999999995035 0
0.7799999999998655 0.6199999999994931 0
0.7799999999998513 0.5999999999994823 0
0.7799999999998368 0.5799999999994718 0
0.7799999999998224 0.5599999999994609 0
0.779999999999808 0.5399999999994505 0
0.7799999999997935 0.5199999999994397 0
0.7799999999997791 0.4999999999994329 0
0.7799999999997649 0.4799999999994564 0
0.7799999999997504 0.4599999999994836 0
0.779999999999736 0.4399999999995109 0
0.7799999999997218 0.4199999999995381 0
0.7799999999997071 0.3999999999995653 0
0.7799999999996929 0.3799999999995926 0
0.7799999999996787 0.3599999999996196 0
0.7799999999996641 0.3399999999996469 0
0.7799999999996499 0.3199999999996741 0
0.7799999999996357 0.2999999999997014 0
0.779999999999621 0.2799999999997286 0
0.7799999999996068 0.2599999999997559 0
0.7799999999995921 0.2399999999997831 0
0.7799999999995779 0.2199999999998103 0
0.7799999999995637 0.1999999999998375 0
0.7799999999995491 0.1799999999998648 0
0.7799999999995348 0.159999999999892 0
0.7799999999995204 0.1399999999999192 0
0.779999999999506 0.1199999999999402 0
0.7799999999994915 0.09999999999994658 0
0.7799999999994771 0.07999999999995216 0
0.7799999999994629 0.05999999999995982 0
0.7799999999994485 0.03999999999997551 0
0.779999999999434 0.01999999999998886 0
0.7600000000002594 0.9799999999999398 0
0.7600000000002411 0.9599999999998798 0
0.7600000000002229 0.9399999999998196 0
0.7600000000002047 0.9199999999997597 0
0.7600000000001865 0.8999999999996995 0
0.7600000000001683 0.8799999999996414 0
0.7600000000001501 0.8599999999996195 0
0.7600000000001319 0.8399999999996125 0
0.7600000000001137 0.8199999999996058 0
0.7600000000000955 0.799999999999599 0
0.7600000000000773 0.7799999999995924 0
0.7600000000000591 0.7599999999995857 0
0.7600000000000409 0.7399999999995788 0
0.7600000000000224 0.7199999999995719 0
0.7600000000000042 0.6999999999995652 0
0.7599999999999862 0.6799999999995585 0
0.759999999999968 0.6599999999995516 0
0.7599999999999498 0.6399999999995448 0
0.7599999999999316 0.6199999999995379 0
0.7599999999999134 0.5999999999995311 0
0.759999999999895 0.5799999999995245 0
0.759999999999877 0.5599999999995176 0
0.7599999999998586 0.5399999999995109 0
0.7599999999998404 0.5199999999995041 0
0.7599999999998224 0.4999999999995002 0
0.7599999999998042 0.4799999999995216 0
0.759999999999786 0.4599999999995459 0
0.7599999999997675 0.4399999999995703 0
0.7599999999997495 0.4199999999995947 0
0.7599999999997311 0.3999999999996191 0
0.7599999999997129 0.3799999999996435 0
0.7599999999996947 0.3599999999996679 0
0.7599999999996767 0.3399999999996923 0
0.7599999999996583 0.3199999999997167 0
0.7599999999996403 0.299999999999741 0
0.7599999999996221 0.2799999999997654 0
0.7599999999996039 0.2599999999997898 0
0.7599999999995857 0.2399999999998143 0
0.7599999999995672 0.2199999999998387 0
0.7599999999995493 0.1999999999998631 0
0.7599999999995308 0.1799999999998874 0
0.7599999999995126 0.1599999999999118 0
0.7599999999994944 0.1399999999999362 0
0.7599999999994762 0.1199999999999546 0
0.759999999999458 0.09999999999995862 0
0.7599999999994398 0.07999999999996193 0
0.7599999999994216 0.05999999999996726 0
0.7599999999994034 0.03999999999998041 0
0.7599999999993852 0.01999999999999128 0
0.7400000000003943 0.9799999999999394 0
0.7400000000003721 0.9599999999998785 0
0.7400000000003502 0.9399999999998179 0
0.7400000000003282 0.919999999999757 0
0.7400000000003062 0.8999999999996966 0
0.740000000000284 0.8799999999996378 0
0.740000000000262 0.8599999999996184 0
0.74000000000024 0.8399999999996156 0
0.740000000000218 0.8199999999996126 0
0.7400000000001961 0.7999999999996095 0
0.7400000000001741 0.7799999999996068 0
0.7400000000001519 0.7599999999996037 0
0.7400000000001297 0.7399999999996008 0
0.7400000000001077 0.7199999999995979 0
0.7400000000000857 0.6999999999995949 0
0.7400000000000637 0.6799999999995918 0
0.7400000000000415 0.6599999999995889 0
0.7400000000000195 0.6399999999995859 0
0.7399999999999975 0.619999999999583 0
0.7399999999999753 0.59999999999958 0
0.7399999999999534 0.5799999999995771 0
0.7399999999999314 0.5599999999995742 0
0.7399999999999094 0.539999999999571 0
0.7399999999998874 0.519999999999568 0
0.7399999999998652 0.4999999999995677 0
0.7399999999998432 0.4799999999995868 0
0.7399999999998212 0.4599999999996083 0
0.739999999999799 0.4399999999996298 0
0.7399999999997773 0.4199999999996514 0
0.7399999999997551 0.399999999999673 0
0.7399999999997329 0.3799999999996946 0
0.7399999999997109 0.359999999999716 0
0.7399999999996889 0.3399999999997376 0
0.7399999999996667 0.3199999999997591 0
0.7399999999996449 0.2999999999997807 0
0.7399999999996227 0.2799999999998023 0
0.7399999999996008 0.2599999999998238 0
0.7399999999995788 0.2399999999998454 0
0.7399999999995566 0.219999999999867 0
0.7399999999995348 0.1999999999998885 0
0.7399999999995126 0.1799999999999101 0
0.7399999999994904 0.1599999999999316 0
0.7399999999994686 0.1399999999999533 0
0.7399999999994464 0.1199999999999689 0
0.7399999999994242 0.09999999999997067 0
0.7399999999994025 0.07999999999997168 0
0.7399999999993803 0.0599999999999747 0
0.7399999999993583 0.0399999999999853 0
0.7399999999993363 0.0199999999999937 0
0.7200000000005293 0.9799999999999387 0
0.7200000000005033 0.9599999999998774 0
0.7200000000004774 0.9399999999998161 0
0.7200000000004516 0.9199999999997548 0
0.7200000000004256 0.8999999999996935 0
0.7200000000003997 0.8799999999996345 0
0.7200000000003741 0.8599999999996175 0
0.7200000000003481 0.8399999999996182 0
0.7200000000003224 0.8199999999996194 0
0.7200000000002962 0.7999999999996201 0
0.7200000000002706 0.779999999999621 0
0.7200000000002444 0.7599999999996219 0
0.7200000000002187 0.7399999999996227 0
0.7200000000001929 0.7199999999996236 0
0.720000000000167 0.6999999999996245 0
0.7200000000001412 0.6799999999996253 0
0.7200000000001152 0.6599999999996262 0
0.7200000000000895 0.639999999999627 0
0.7200000000000635 0.6199999999996281 0
0.7200000000000377 0.5999999999996288 0
0.7200000000000117 0.5799999999996299 0
0.719999999999986 0.5599999999996306 0
0.71999999999996 0.5399999999996314 0
0.7199999999999342 0.5199999999996324 0
0.7199999999999085 0.499999999999635 0
0.7199999999998823 0.4799999999996519 0
0.7199999999998565 0.4599999999996707 0
0.7199999999998306 0.4399999999996893 0
0.7199999999998048 0.4199999999997081 0
0.7199999999997788 0.3999999999997267 0
0.7199999999997531 0.3799999999997455 0
0.7199999999997271 0.3599999999997642 0
0.7199999999997013 0.339999999999783 0
0.7199999999996753 0.3199999999998017 0
0.7199999999996496 0.2999999999998204 0
0.7199999999996238 0.2799999999998392 0
0.7199999999995979 0.2599999999998578 0
0.7199999999995719 0.2399999999998766 0
0.7199999999995461 0.2199999999998953 0
0.7199999999995204 0.1999999999999141 0
0.7199999999994944 0.1799999999999328 0
0.7199999999994684 0.1599999999999515 0
0.7199999999994426 0.1399999999999703 0
0.7199999999994167 0.1199999999999833 0
0.7199999999993907 0.09999999999998271 0
0.7199999999993649 0.07999999999998145 0
0.7199999999993392 0.05999999999998212 0
0.7199999999993132 0.0399999999999902 0
0.7199999999992872 0.01999999999999612 0
0.7000000000006641 0.979999999999938 0
0.7000000000006343 0.9599999999998761 0
0.7000000000006048 0.9399999999998143 0
0.7000000000005751 0.9199999999997521 0
0.7000000000005453 0.8999999999996906 0
0.7000000000005158 0.8799999999996309 0
0.700000000000486 0.8599999999996166 0
0.7000000000004563 0.8399999999996214 0
0.7000000000004267 0.819999999999626 0
0.7000000000003967 0.7999999999996306 0
0.7000000000003672 0.7799999999996354 0
0.7000000000003375 0.7599999999996401 0
0.7000000000003077 0.7399999999996449 0
0.7000000000002782 0.7199999999996496 0
0.7000000000002484 0.6999999999996542 0
0.7000000000002187 0.6799999999996589 0
0.7000000000001889 0.6599999999996635 0
0.7000000000001594 0.6399999999996683 0
0.7000000000001296 0.6199999999996729 0
0.7000000000000997 0.5999999999996777 0
0.7000000000000701 0.5799999999996823 0
0.7000000000000404 0.559999999999687 0
0.7000000000000106 0.5399999999996916 0
0.6999999999999811 0.5199999999996964 0
0.6999999999999511 0.4999999999997022 0
0.6999999999999216 0.4799999999997171 0
0.6999999999998918 0.459999999999733 0
0.6999999999998621 0.4399999999997488 0
0.6999999999998325 0.4199999999997647 0
0.6999999999998028 0.3999999999997806 0
0.699999999999773 0.3799999999997966 0
0.6999999999997435 0.3599999999998124 0
0.6999999999997137 0.3399999999998283 0
0.699999999999684 0.3199999999998442 0
0.6999999999996542 0.29999999999986 0
0.6999999999996245 0.279999999999876 0
0.6999999999995947 0.2599999999998919 0
0.699999999999565 0.2399999999999078 0
0.6999999999995354 0.2199999999999237 0
0.6999999999995059 0.1999999999999396 0
0.6999999999994762 0.1799999999999555 0
0.6999999999994464 0.1599999999999713 0
0.6999999999994166 0.1399999999999872 0
0.6999999999993869 0.1199999999999976 0
0.6999999999993571 0.09999999999999476 0
0.6999999999993276 0.07999999999999122 0
0.6999999999992976 0.05999999999998956 0
0.6999999999992681 0.0399999999999951 0
0.6999999999992383 0.01999999999999853 0
0.6800000000007991 0.9799999999999374 0
0.6800000000007655 0.959999999999875 0
0.680000000000732 0.9399999999998123 0
0.6800000000006985 0.9199999999997499 0
0.680000000000665 0.8999999999996875 0
0.6800000000006314 0.8799999999996273 0
0.6800000000005977 0.8599999999996155 0
0.6800000000005644 0.839999999999624 0
0.6800000000005308 0.8199999999996328 0
0.6800000000004971 0.7999999999996412 0
0.6800000000004638 0.7799999999996499 0
0.6800000000004303 0.7599999999996585 0
0.6800000000003965 0.7399999999996667 0
0.6800000000003632 0.7199999999996753 0
0.6800000000003297 0.699999999999684 0
0.6800000000002961 0.6799999999996924 0
0.6800000000002624 0.659999999999701 0
0.6800000000002291 0.6399999999997096 0
0.6800000000001953 0.6199999999997182 0
0.680000000000162 0.5999999999997265 0
0.6800000000001283 0.5799999999997352 0
0.6800000000000948 0.5599999999997436 0
0.6800000000000614 0.539999999999752 0
0.6800000000000277 0.5199999999997608 0
0.6799999999999944 0.4999999999997697 0
0.6799999999999609 0.4799999999997823 0
0.6799999999999271 0.4599999999997952 0
0.6799999999998938 0.4399999999998083 0
0.67999999999986 0.4199999999998214 0
0.6799999999998267 0.3999999999998344 0
0.679999999999793 0.3799999999998476 0
0.6799999999997597 0.3599999999998605 0
0.6799999999997259 0.3399999999998736 0
0.6799999999996924 0.3199999999998866 0
0.6799999999996589 0.2999999999998997 0
0.6799999999996253 0.2799999999999129 0
0.6799999999995918 0.2599999999999258 0
0.6799999999995583 0.239999999999939 0
0.6799999999995248 0.219999999999952 0
0.6799999999994915 0.1999999999999651 0
0.6799999999994577 0.1799999999999781 0
0.6799999999994244 0.1599999999999911 0
0.6799999999993906 0.1400000000000043 0
0.6799999999993573 0.1200000000000119 0
0.6799999999993236 0.1000000000000068 0
0.6799999999992901 0.08000000000000096 0
0.6799999999992565 0.059999999999997 0
0.679999999999223 0.03999999999999999 0
0.6799999999991895 0.02000000000000095 0
0.6600000000009338 0.9799999999999367 0
0.6600000000008968 0.9599999999998738 0
0.6600000000008592 0.9399999999998105 0
0.6600000000008219 0.9199999999997475 0
0.6600000000007846 0.8999999999996844 0
0.6600000000007471 0.8799999999996237 0
0.6600000000007098 0.8599999999996146 0
0.6600000000006723 0.8399999999996272 0
0.6600000000006352 0.8199999999996394 0
0.6600000000005979 0.7999999999996517 0
0.6600000000005604 0.7799999999996641 0
0.6600000000005228 0.7599999999996767 0
0.6600000000004855 0.7399999999996889 0
0.6600000000004482 0.7199999999997013 0
0.6600000000004109 0.6999999999997137 0
0.6600000000003736 0.6799999999997259 0
0.6600000000003361 0.6599999999997384 0
0.660000000000299 0.6399999999997507 0
0.6600000000002615 0.6199999999997631 0
0.660000000000224 0.5999999999997754 0
0.6600000000001869 0.5799999999997878 0
0.6600000000001494 0.5599999999998002 0
0.6600000000001121 0.5399999999998124 0
0.6600000000000745 0.5199999999998247 0
0.6600000000000372 0.499999999999837 0
0.6599999999999999 0.4799999999998473 0
0.6599999999999626 0.4599999999998576 0
0.6599999999999251 0.4399999999998678 0
0.6599999999998878 0.4199999999998781 0
0.6599999999998505 0.3999999999998883 0
0.659999999999813 0.3799999999998986 0
0.6599999999997759 0.3599999999999087 0
0.6599999999997384 0.3399999999999189 0
0.659999999999701 0.3199999999999292 0
0.6599999999996637 0.2999999999999394 0
0.6599999999996262 0.2799999999999497 0
0.6599999999995889 0.2599999999999599 0
0.6599999999995516 0.2399999999999701 0
0.6599999999995143 0.2199999999999804 0
0.659999999999477 0.1999999999999906 0
0.6599999999994395 0.1800000000000008 0
0.6599999999994022 0.160000000000011 0
0.6599999999993647 0.1400000000000213 0
0.6599999999993273 0.1200000000000263 0
0.65999999999929 0.1000000000000188 0
0.6599999999992527 0.08000000000001073 0
0.6599999999992154 0.06000000000000442 0
0.6599999999991779 0.04000000000000489 0
0.6599999999991406 0.02000000000000338 0
0.6400000000010687 0.9799999999999363 0
0.6400000000010276 0.9599999999998725 0
0.6400000000009866 0.9399999999998088 0
0.6400000000009455 0.919999999999745 0
0.640000000000904 0.8999999999996813 0
0.6400000000008629 0.8799999999996203 0
0.6400000000008216 0.8599999999996137 0
0.6400000000007804 0.8399999999996297 0
0.6400000000007394 0.819999999999646 0
0.6400000000006981 0.7999999999996623 0
0.640000000000657 0.7799999999996785 0
0.6400000000006157 0.7599999999996949 0
0.6400000000005747 0.7399999999997109 0
0.6400000000005334 0.7199999999997273 0
0.6400000000004921 0.6999999999997433 0
0.640000000000451 0.6799999999997597 0
0.6400000000004097 0.6599999999997759 0
0.6400000000003684 0.6399999999997917 0
0.6400000000003273 0.6199999999998079 0
0.6400000000002865 0.5999999999998242 0
0.6400000000002449 0.5799999999998404 0
0.6400000000002039 0.5599999999998566 0
0.6400000000001625 0.5399999999998728 0
0.6400000000001215 0.5199999999998891 0
0.6400000000000804 0.4999999999999043 0
0.6400000000000391 0.4799999999999126 0
0.6399999999999978 0.4599999999999199 0
0.6399999999999565 0.4399999999999273 0
0.6399999999999154 0.4199999999999348 0
0.6399999999998743 0.3999999999999422 0
0.639999999999833 0.3799999999999496 0
0.6399999999997917 0.3599999999999569 0
0.6399999999997509 0.3399999999999643 0
0.6399999999997096 0.3199999999999716 0
0.6399999999996683 0.2999999999999791 0
0.639999999999627 0.2799999999999866 0
0.6399999999995859 0.2599999999999939 0
0.6399999999995448 0.2400000000000013 0
0.6399999999995035 0.2200000000000087 0
0.6399999999994622 0.2000000000000161 0
0.6399999999994211 0.1800000000000235 0
0.6399999999993801 0.1600000000000309 0
0.6399999999993388 0.1400000000000383 0
0.6399999999992975 0.1200000000000406 0
0.6399999999992567 0.1000000000000309 0
0.6399999999992153 0.0800000000000205 0
0.639999999999174 0.06000000000001186 0
0.6399999999991327 0.04000000000000978 0
0.6399999999990916 0.02000000000000579 0
0.6200000000012037 0.9799999999999356 0
0.6200000000011586 0.9599999999998712 0
0.6200000000011138 0.939999999999807 0
0.6200000000010687 0.9199999999997426 0
0.6200000000010236 0.8999999999996782 0
0.6200000000009785 0.8799999999996168 0
0.6200000000009338 0.8599999999996129 0
0.6200000000008886 0.8399999999996328 0
0.6200000000008435 0.8199999999996528 0
0.6200000000007987 0.799999999999673 0
0.6200000000007536 0.7799999999996929 0
0.6200000000007083 0.7599999999997129 0
0.6200000000006635 0.7399999999997331 0
0.6200000000006184 0.7199999999997531 0
0.6200000000005735 0.699999999999773 0
0.6200000000005285 0.679999999999793 0
0.6200000000004834 0.6599999999998132 0
0.6200000000004383 0.639999999999833 0
0.6200000000003935 0.6199999999998532 0
0.6200000000003484 0.5999999999998731 0
0.6200000000003033 0.5799999999998933 0
0.6200000000002582 0.559999999999913 0
0.6200000000002134 0.5399999999999332 0
0.6200000000001683 0.5199999999999531 0
0.6200000000001232 0.4999999999999718 0
0.6200000000000782 0.4799999999999777 0
0.6200000000000331 0.4599999999999823 0
0.6199999999999882 0.4399999999999868 0
0.6199999999999432 0.4199999999999914 0
0.6199999999998981 0.399999999999996 0
0.6199999999998532 0.3800000000000006 0
0.6199999999998079 0.3600000000000051 0
0.6199999999997631 0.3400000000000096 0
0.619999999999718 0.3200000000000142 0
0.6199999999996729 0.3000000000000187 0
0.6199999999996281 0.2800000000000235 0
0.6199999999995828 0.2600000000000279 0
0.6199999999995379 0.2400000000000325 0
0.6199999999994928 0.2200000000000371 0
0.619999999999448 0.2000000000000416 0
0.6199999999994029 0.1800000000000462 0
0.6199999999993578 0.1600000000000507 0
0.6199999999993128 0.1400000000000553 0
0.6199999999992679 0.1200000000000549 0
0.6199999999992228 0.1000000000000429 0
0.6199999999991778 0.08000000000003027 0
0.6199999999991327 0.06000000000001929 0
0.6199999999990876 0.04000000000001468 0
0.6199999999990428 0.02000000000000821 0
0.6000000000013386 0.9799999999999349 0
0.6000000000012897 0.9599999999998701 0
0.6000000000012409 0.9399999999998052 0
0.600000000001192 0.9199999999997401 0
0.6000000000011432 0.8999999999996751 0
0.6000000000010943 0.8799999999996132 0
0.6000000000010455 0.8599999999996117 0
0.6000000000009964 0.8399999999996358 0
0.6000000000009476 0.8199999999996598 0
0.6000000000008989 0.7999999999996834 0
0.6000000000008501 0.7799999999997074 0
0.6000000000008012 0.7599999999997313 0
0.6000000000007524 0.7399999999997551 0
0.6000000000007035 0.7199999999997788 0
0.6000000000006547 0.6999999999998028 0
0.6000000000006058 0.6799999999998267 0
0.600000000000557 0.6599999999998505 0
0.6000000000005081 0.6399999999998743 0
0.6000000000004593 0.6199999999998981 0
0.6000000000004104 0.5999999999999219 0
0.6000000000003616 0.5799999999999459 0
0.6000000000003127 0.5599999999999696 0
0.6000000000002639 0.5399999999999936 0
0.600000000000215 0.5200000000000174 0
0.6000000000001662 0.5000000000000391 0
0.6000000000001173 0.4800000000000429 0
0.6000000000000685 0.4600000000000446 0
0.6000000000000196 0.4400000000000464 0
0.5999999999999708 0.4200000000000481 0
0.5999999999999219 0.4000000000000498 0
0.5999999999998731 0.3800000000000516 0
0.5999999999998242 0.3600000000000533 0
0.5999999999997754 0.340000000000055 0
0.5999999999997265 0.3200000000000567 0
0.5999999999996777 0.3000000000000584 0
0.5999999999996288 0.2800000000000602 0
0.59999999999958 0.2600000000000618 0
0.5999999999995311 0.2400000000000637 0
0.5999999999994823 0.2200000000000654 0
0.5999999999994334 0.2000000000000671 0
0.5999999999993846 0.1800000000000689 0
0.5999999999993357 0.1600000000000705 0
0.5999999999992869 0.1400000000000723 0
0.599999999999238 0.1200000000000693 0
0.5999999999991892 0.100000000000055 0
0.5999999999991403 0.08000000000004004 0
0.5999999999990915 0.06000000000002673 0
0.5999999999990426 0.04000000000001958 0
0.5999999999989938 0.02000000000001063 0
0.5800000000014736 0.9799999999999345 0
0.5800000000014207 0.959999999999869 0
0.5800000000013683 0.9399999999998032 0
0.5800000000013155 0.9199999999997375 0
0.5800000000012628 0.8999999999996722 0
0.5800000000012102 0.8799999999996099 0
0.5800000000011576 0.8599999999996109 0
0.5800000000011047 0.8399999999996387 0
0.5800000000010519 0.8199999999996664 0
0.5800000000009995 0.7999999999996941 0
0.5800000000009466 0.7799999999997218 0
0.580000000000894 0.7599999999997493 0
0.5800000000008414 0.7399999999997771 0
0.5800000000007888 0.7199999999998048 0
0.5800000000007359 0.6999999999998325 0
0.5800000000006833 0.67999999999986 0
0.5800000000006307 0.6599999999998878 0
0.5800000000005781 0.6399999999999156 0
0.5800000000005254 0.6199999999999432 0
0.5800000000004728 0.5999999999999708 0
0.58000000000042 0.5799999999999985 0
0.5800000000003671 0.5600000000000263 0
0.5800000000003145 0.5400000000000538 0
0.5800000000002619 0.5200000000000814 0
0.5800000000002092 0.5000000000001064 0
0.5800000000001566 0.480000000000108 0
0.5800000000001038 0.460000000000107 0
0.5800000000000511 0.4400000000001059 0
0.5799999999999985 0.4200000000001047 0
0.5799999999999457 0.4000000000001037 0
0.5799999999998933 0.3800000000001026 0
0.5799999999998404 0.3600000000001015 0
0.5799999999997878 0.3400000000001003 0
0.5799999999997352 0.3200000000000992 0
0.5799999999996825 0.3000000000000981 0
0.5799999999996297 0.2800000000000971 0
0.5799999999995771 0.2600000000000959 0
0.5799999999995245 0.2400000000000949 0
0.5799999999994716 0.2200000000000938 0
0.579999999999419 0.2000000000000927 0
0.5799999999993664 0.1800000000000915 0
0.5799999999993137 0.1600000000000904 0
0.5799999999992611 0.1400000000000894 0
0.5799999999992085 0.1200000000000836 0
0.5799999999991556 0.100000000000067 0
0.579999999999103 0.08000000000004978 0
0.5799999999990504 0.06000000000003416 0
0.5799999999989975 0.04000000000002447 0
0.5799999999989451 0.02000000000001305 0
0.5600000000016083 0.9799999999999338 0
0.5600000000015519 0.9599999999998676 0
0.5600000000014955 0.9399999999998014 0
0.5600000000014389 0.9199999999997353 0
0.5600000000013823 0.8999999999996691 0
0.5600000000013257 0.8799999999996063 0
0.5600000000012693 0.85999999999961 0
0.5600000000012129 0.8399999999996414 0
0.5600000000011562 0.8199999999996731 0
0.5600000000010998 0.7999999999997045 0
0.5600000000010432 0.779999999999736 0
0.5600000000009868 0.7599999999997678 0
0.5600000000009302 0.739999999999799 0
0.5600000000008738 0.7199999999998306 0
0.5600000000008172 0.6999999999998621 0
0.5600000000007608 0.6799999999998938 0
0.5600000000007044 0.6599999999999251 0
0.5600000000006478 0.6399999999999565 0
0.5600000000005911 0.6199999999999882 0
0.5600000000005347 0.6000000000000196 0
0.5600000000004781 0.5800000000000511 0
0.5600000000004217 0.5600000000000827 0
0.5600000000003651 0.5400000000001142 0
0.5600000000003087 0.5200000000001458 0
0.5600000000002523 0.5000000000001739 0
0.5600000000001957 0.4800000000001733 0
0.5600000000001393 0.4600000000001693 0
0.5600000000000827 0.4400000000001654 0
0.5600000000000263 0.4200000000001615 0
0.5599999999999696 0.4000000000001575 0
0.559999999999913 0.3800000000001535 0
0.5599999999998566 0.3600000000001495 0
0.5599999999998 0.3400000000001456 0
0.5599999999997436 0.3200000000001417 0
0.5599999999996872 0.3000000000001377 0
0.5599999999996306 0.2800000000001339 0
0.5599999999995742 0.2600000000001299 0
0.5599999999995176 0.2400000000001261 0
0.5599999999994609 0.2200000000001221 0
0.5599999999994045 0.2000000000001182 0
0.5599999999993479 0.1800000000001142 0
0.5599999999992915 0.1600000000001103 0
0.5599999999992349 0.1400000000001064 0
0.5599999999991785 0.1200000000000979 0
0.5599999999991219 0.100000000000079 0
0.5599999999990655 0.08000000000005955 0
0.5599999999990088 0.06000000000004159 0
0.5599999999989524 0.04000000000002937 0
0.559999999998896 0.02000000000001546 0
0.5400000000017435 0.9799999999999331 0
0.5400000000016831 0.9599999999998665 0
0.5400000000016227 0.9399999999997994 0
0.5400000000015621 0.9199999999997328 0
0.5400000000015019 0.899999999999666 0
0.5400000000014418 0.879999999999603 0
0.5400000000013812 0.8599999999996091 0
0.540000000001321 0.8399999999996445 0
0.5400000000012606 0.8199999999996798 0
0.5400000000012004 0.7999999999997149 0
0.54000000000114 0.7799999999997504 0
0.5400000000010796 0.759999999999786 0
0.5400000000010192 0.7399999999998212 0
0.540000000000959 0.7199999999998565 0
0.5400000000008987 0.6999999999998918 0
0.5400000000008383 0.6799999999999271 0
0.5400000000007779 0.6599999999999626 0
0.5400000000007177 0.6399999999999978 0
0.5400000000006571 0.6200000000000331 0
0.5400000000005969 0.6000000000000685 0
0.5400000000005365 0.580000000000104 0
0.5400000000004763 0.5600000000001391 0
0.5400000000004159 0.5400000000001746 0
0.5400000000003555 0.5200000000002097 0
0.5400000000002951 0.5000000000002411 0
0.5400000000002347 0.4800000000002383 0
0.5400000000001743 0.4600000000002316 0
0.5400000000001142 0.4400000000002249 0
0.540000000000054 0.4200000000002181 0
0.5399999999999936 0.4000000000002113 0
0.5399999999999332 0.3800000000002046 0
0.5399999999998728 0.3600000000001977 0
0.5399999999998124 0.3400000000001909 0
0.539999999999752 0.3200000000001842 0
0.5399999999996918 0.3000000000001775 0
0.5399999999996314 0.2800000000001707 0
0.5399999999995713 0.2600000000001639 0
0.5399999999995106 0.2400000000001572 0
0.5399999999994505 0.2200000000001504 0
0.5399999999993901 0.2000000000001437 0
0.5399999999993297 0.1800000000001369 0
0.5399999999992693 0.1600000000001301 0
0.5399999999992091 0.1400000000001234 0
0.5399999999991487 0.1200000000001123 0
0.5399999999990885 0.1000000000000911 0
0.5399999999990281 0.08000000000006932 0
0.5399999999989678 0.06000000000004904 0
0.5399999999989074 0.04000000000003426 0
0.539999999998847 0.02000000000001788 0
0.5200000000018782 0.9799999999999327 0
0.520000000001814 0.9599999999998652 0
0.5200000000017498 0.9399999999997977 0
0.5200000000016857 0.9199999999997304 0
0.5200000000016215 0.8999999999996631 0
0.5200000000015573 0.8799999999995994 0
0.5200000000014932 0.859999999999608 0
0.520000000001429 0.8399999999996471 0
0.5200000000013648 0.8199999999996864 0
0.5200000000013006 0.7999999999997256 0
0.5200000000012365 0.7799999999997649 0
0.5200000000011723 0.7599999999998042 0
0.5200000000011081 0.7399999999998432 0
0.520000000001044 0.7199999999998823 0
0.5200000000009798 0.6999999999999216 0
0.5200000000009156 0.6799999999999609 0
0.5200000000008514 0.6599999999999999 0
0.5200000000007873 0.6400000000000391 0
0.5200000000007231 0.6200000000000782 0
0.5200000000006589 0.6000000000001173 0
0.5200000000005948 0.5800000000001566 0
0.5200000000005308 0.5600000000001957 0
0.5200000000004664 0.5400000000002347 0
0.5200000000004023 0.5200000000002739 0
0.5200000000003381 0.5000000000003084 0
0.5200000000002741 0.4800000000003036 0
0.5200000000002097 0.460000000000294 0
0.5200000000001458 0.4400000000002844 0
0.5200000000000814 0.4200000000002747 0
0.5200000000000174 0.4000000000002651 0
0.5199999999999531 0.3800000000002556 0
0.5199999999998891 0.3600000000002459 0
0.5199999999998247 0.3400000000002363 0
0.5199999999997608 0.3200000000002268 0
0.5199999999996964 0.3000000000002171 0
0.5199999999996324 0.2800000000002075 0
0.519999999999568 0.260000000000198 0
0.5199999999995039 0.2400000000001884 0
0.5199999999994397 0.2200000000001788 0
0.5199999999993755 0.2000000000001692 0
0.5199999999993113 0.1800000000001596 0
0.5199999999992474 0.16000000000015 0
0.519999999999183 0.1400000000001404 0
0.5199999999991188 0.1200000000001266 0
0.5199999999990549 0.1000000000001031 0
0.5199999999989905 0.08000000000007906 0
0.5199999999989263 0.06000000000005647 0
0.5199999999988624 0.04000000000003916 0
0.519999999998798 0.0200000000000203 0
0.5000000000019922 0.979999999999932 0
0.5000000000019247 0.9599999999998641 0
0.5000000000018574 0.9399999999997959 0
0.5000000000017901 0.9199999999997279 0
0.5000000000017226 0.89999999999966 0
0.5000000000016553 0.8799999999995959 0
0.5000000000015881 0.8599999999996071 0
0.5000000000015206 0.8399999999996502 0
0.5000000000014533 0.8199999999996931 0
0.500000000001386 0.7999999999997363 0
0.5000000000013187 0.7799999999997793 0
0.5000000000012512 0.7599999999998224 0
0.5000000000011839 0.7399999999998652 0
0.5000000000011167 0.7199999999999083 0
0.5000000000010492 0.6999999999999513 0
0.5000000000009819 0.6799999999999942 0
0.5000000000009146 0.6600000000000372 0
0.5000000000008471 0.6400000000000804 0
0.5000000000007798 0.6200000000001232 0
0.5000000000007125 0.6000000000001662 0
0.5000000000006453 0.5800000000002092 0
0.5000000000005778 0.5600000000002523 0
0.5000000000005105 0.5400000000002951 0
0.5000000000004432 0.5200000000003381 0
0.5000000000003757 0.5000000000003757 0
0.5000000000003084 0.4800000000003687 0
0.5000000000002411 0.4600000000003563 0
0.5000000000001739 0.4400000000003439 0
0.5000000000001064 0.4200000000003314 0
0.5000000000000389 0.400000000000319 0
0.4999999999999718 0.3800000000003066 0
0.4999999999999043 0.3600000000002941 0
0.499999999999837 0.3400000000002816 0
0.4999999999997697 0.3200000000002692 0
0.4999999999997022 0.3000000000002567 0
0.499999999999635 0.2800000000002444 0
0.4999999999995677 0.2600000000002319 0
0.4999999999995002 0.2400000000002196 0
0.4999999999994329 0.2200000000002071 0
0.4999999999993656 0.2000000000001947 0
0.4999999999992981 0.1800000000001822 0
0.4999999999992308 0.1600000000001698 0
0.4999999999991636 0.1400000000001574 0
0.4999999999990961 0.1200000000001409 0
0.4999999999990288 0.1000000000001152 0
0.4999999999989615 0.08000000000008883 0
0.4999999999988942 0.06000000000006389 0
0.4999999999988269 0.04000000000004406 0
0.4999999999987594 0.02000000000002272 0
0.4800000000019327 0.9799999999999314 0
0.4800000000018675 0.9599999999998627 0
0.4800000000018024 0.9399999999997941 0
0.4800000000017371 0.9199999999997255 0
0.480000000001672 0.8999999999996569 0
0.4800000000016068 0.8799999999995923 0
0.4800000000015417 0.8599999999996062 0
0.4800000000014765 0.8399999999996529 0
0.4800000000014114 0.8199999999996997 0
0.4800000000013461 0.7999999999997467 0
0.480000000001281 0.7799999999997937 0
0.4800000000012159 0.7599999999998406 0
0.4800000000011507 0.7399999999998874 0
0.4800000000010856 0.7199999999999342 0
0.4800000000010203 0.6999999999999811 0
0.4800000000009552 0.6800000000000279 0
0.48000000000089 0.6600000000000747 0
0.4800000000008249 0.6400000000001212 0
0.4800000000007597 0.6200000000001681 0
0.4800000000006945 0.600000000000215 0
0.4800000000006294 0.5800000000002619 0
0.4800000000005642 0.5600000000003087 0
0.480000000000499 0.5400000000003555 0
0.480000000000434 0.5200000000004025 0
0.4800000000003687 0.500000000000443 0
0.4800000000003035 0.4800000000004339 0
0.4800000000002385 0.4600000000004186 0
0.4800000000001733 0.4400000000004034 0
0.480000000000108 0.4200000000003882 0
0.4800000000000429 0.4000000000003728 0
0.4799999999999777 0.3800000000003576 0
0.4799999999999125 0.3600000000003423 0
0.4799999999998473 0.340000000000327 0
0.4799999999997823 0.3200000000003118 0
0.479999999999717 0.3000000000002965 0
0.4799999999996519 0.2800000000002812 0
0.4799999999995868 0.2600000000002659 0
0.4799999999995216 0.2400000000002507 0
0.4799999999994565 0.2200000000002355 0
0.4799999999993912 0.2000000000002202 0
0.4799999999993261 0.1800000000002049 0
0.4799999999992609 0.1600000000001897 0
0.4799999999991956 0.1400000000001744 0
0.4799999999991306 0.1200000000001553 0
0.4799999999990655 0.1000000000001272 0
0.4799999999990002 0.0800000000000986 0
0.4799999999989352 0.06000000000007133 0
0.4799999999988699 0.04000000000004895 0
0.4799999999988048 0.02000000000002514 0
0.4600000000018524 0.9799999999999307 0
0.46000000000179 0.9599999999998614 0
0.4600000000017276 0.9399999999997923 0
0.4600000000016654 0.919999999999723 0
0.4600000000016029 0.8999999999996537 0
0.4600000000015406 0.8799999999995888 0
0.4600000000014783 0.8599999999996053 0
0.4600000000014161 0.839999999999656 0
0.4600000000013535 0.8199999999997066 0
0.4600000000012914 0.7999999999997573 0
0.4600000000012289 0.779999999999808 0
0.4600000000011667 0.7599999999998588 0
0.4600000000011043 0.7399999999999094 0
0.460000000001042 0.71999999999996 0
0.4600000000009796 0.7000000000000108 0
0.4600000000009172 0.6800000000000612 0
0.4600000000008549 0.6600000000001121 0
0.4600000000007926 0.6400000000001625 0
0.4600000000007304 0.6200000000002134 0
0.460000000000668 0.6000000000002639 0
0.4600000000006056 0.5800000000003147 0
0.4600000000005433 0.5600000000003651 0
0.4600000000004809 0.5400000000004159 0
0.4600000000004186 0.5200000000004664 0
0.4600000000003563 0.5000000000005105 0
0.460000000000294 0.480000000000499 0
0.4600000000002317 0.4600000000004809 0
0.4600000000001694 0.4400000000004629 0
0.460000000000107 0.4200000000004448 0
0.4600000000000446 0.4000000000004267 0
0.4599999999999822 0.3800000000004087 0
0.45999999999992 0.3600000000003905 0
0.4599999999998576 0.3400000000003723 0
0.4599999999997952 0.3200000000003542 0
0.459999999999733 0.3000000000003361 0
0.4599999999996706 0.2800000000003181 0
0.4599999999996083 0.2600000000002999 0
0.459999999999546 0.2400000000002819 0
0.4599999999994835 0.2200000000002638 0
0.4599999999994213 0.2000000000002458 0
0.4599999999993589 0.1800000000002276 0
0.4599999999992966 0.1600000000002095 0
0.4599999999992344 0.1400000000001914 0
0.459999999999172 0.1200000000001696 0
0.4599999999991096 0.1000000000001393 0
0.4599999999990473 0.08000000000010837 0
0.459999999998985 0.06000000000007877 0
0.4599999999989226 0.04000000000005385 0
0.4599999999988602 0.02000000000002755 0
0.440000000001772 0.9799999999999303 0
0.4400000000017124 0.9599999999998603 0
0.4400000000016528 0.9399999999997906 0
0.4400000000015933 0.9199999999997206 0
0.4400000000015338 0.8999999999996509 0
0.4400000000014743 0.8799999999995852 0
0.4400000000014148 0.8599999999996044 0
0.4400000000013554 0.8399999999996587 0
0.4400000000012959 0.8199999999997135 0
0.4400000000012364 0.7999999999997678 0
0.4400000000011769 0.7799999999998224 0
0.4400000000011173 0.759999999999877 0
0.4400000000010579 0.7399999999999314 0
0.4400000000009984 0.7199999999999858 0
0.4400000000009389 0.7000000000000404 0
0.4400000000008795 0.680000000000095 0
0.44000000000082 0.6600000000001494 0
0.4400000000007604 0.6400000000002039 0
0.4400000000007009 0.6200000000002582 0
0.4400000000006414 0.6000000000003127 0
0.4400000000005819 0.5800000000003673 0
0.4400000000005223 0.5600000000004217 0
0.4400000000004629 0.5400000000004763 0
0.4400000000004033 0.5200000000005308 0
0.4400000000003439 0.5000000000005778 0
0.4400000000002844 0.4800000000005642 0
0.4400000000002249 0.4600000000005433 0
0.4400000000001654 0.4400000000005224 0
0.4400000000001059 0.4200000000005014 0
0.4400000000000464 0.4000000000004805 0
0.4399999999999868 0.3800000000004596 0
0.4399999999999273 0.3600000000004385 0
0.4399999999998678 0.3400000000004176 0
0.4399999999998083 0.3200000000003967 0
0.4399999999997488 0.3000000000003757 0
0.4399999999996894 0.280000000000355 0
0.4399999999996298 0.260000000000334 0
0.4399999999995704 0.2400000000003131 0
0.4399999999995108 0.2200000000002921 0
0.4399999999994514 0.2000000000002712 0
0.4399999999993919 0.1800000000002503 0
0.4399999999993323 0.1600000000002293 0
0.4399999999992729 0.1400000000002085 0
0.4399999999992134 0.120000000000184 0
0.4399999999991538 0.1000000000001513 0
0.4399999999990944 0.08000000000011814 0
0.4399999999990348 0.06000000000008621 0
0.4399999999989754 0.04000000000005874 0
0.4399999999989159 0.02000000000002997 0
0.4200000000016916 0.9799999999999296 0
0.420000000001635 0.9599999999998592 0
0.4200000000015782 0.9399999999997886 0
0.4200000000015215 0.9199999999997182 0
0.4200000000014648 0.8999999999996477 0
0.4200000000014082 0.8799999999995817 0
0.4200000000013515 0.8599999999996033 0
0.4200000000012949 0.8399999999996618 0
0.4200000000012383 0.8199999999997202 0
0.4200000000011815 0.7999999999997784 0
0.4200000000011248 0.7799999999998368 0
0.4200000000010682 0.7599999999998952 0
0.4200000000010115 0.7399999999999534 0
0.4200000000009548 0.7200000000000117 0
0.4200000000008982 0.7000000000000701 0
0.4200000000008415 0.6800000000001285 0
0.4200000000007849 0.6600000000001867 0
0.4200000000007281 0.6400000000002452 0
0.4200000000006715 0.6200000000003035 0
0.4200000000006149 0.6000000000003616 0
0.4200000000005581 0.58000000000042 0
0.4200000000005014 0.5600000000004783 0
0.4200000000004448 0.5400000000005365 0
0.4200000000003882 0.5200000000005948 0
0.4200000000003316 0.500000000000645 0
0.4200000000002747 0.4800000000006294 0
0.4200000000002181 0.4600000000006057 0
0.4200000000001615 0.4400000000005818 0
0.4200000000001047 0.4200000000005581 0
0.420000000000048 0.4000000000005344 0
0.4199999999999914 0.3800000000005106 0
0.4199999999999348 0.3600000000004867 0
0.4199999999998781 0.340000000000463 0
0.4199999999998215 0.3200000000004393 0
0.4199999999997648 0.3000000000004155 0
0.4199999999997081 0.2800000000003918 0
0.4199999999996514 0.2600000000003679 0
0.4199999999995947 0.2400000000003443 0
0.4199999999995381 0.2200000000003205 0
0.4199999999994813 0.2000000000002968 0
0.4199999999994247 0.1800000000002729 0
0.4199999999993681 0.1600000000002492 0
0.4199999999993114 0.1400000000002255 0
0.4199999999992546 0.1200000000001983 0
0.419999999999198 0.1000000000001633 0
0.4199999999991414 0.08000000000012789 0
0.4199999999990848 0.06000000000009363 0
0.4199999999990279 0.04000000000006364 0
0.4199999999989713 0.02000000000003239 0
0.4000000000016111 0.9799999999999289 0
0.4000000000015572 0.9599999999998579 0
0.4000000000015034 0.9399999999997868 0
0.4000000000014495 0.9199999999997157 0
0.4000000000013957 0.8999999999996446 0
0.4000000000013419 0.8799999999995781 0
0.400000000001288 0.8599999999996024 0
0.4000000000012343 0.8399999999996645 0
0.4000000000011804 0.8199999999997268 0
0.4000000000011266 0.7999999999997891 0
0.4000000000010727 0.7799999999998513 0
0.4000000000010189 0.7599999999999134 0
0.400000000000965 0.7399999999999753 0
0.4000000000009112 0.7200000000000377 0
0.4000000000008573 0.7000000000000997 0
0.4000000000008035 0.680000000000162 0
0.4000000000007496 0.6600000000002242 0
0.4000000000006959 0.640000000000286 0
0.4000000000006421 0.6200000000003484 0
0.4000000000005882 0.6000000000004104 0
0.4000000000005344 0.5800000000004726 0
0.4000000000004805 0.5600000000005347 0
0.4000000000004267 0.5400000000005969 0
0.4000000000003728 0.5200000000006589 0
0.4000000000003191 0.5000000000007125 0
0.4000000000002651 0.4800000000006945 0
0.4000000000002113 0.460000000000668 0
0.4000000000001575 0.4400000000006414 0
0.4000000000001036 0.4200000000006148 0
0.4000000000000499 0.4000000000005882 0
0.3999999999999959 0.3800000000005617 0
0.3999999999999421 0.3600000000005349 0
0.3999999999998883 0.3400000000005083 0
0.3999999999998346 0.3200000000004818 0
0.3999999999997806 0.3000000000004551 0
0.3999999999997268 0.2800000000004287 0
0.399999999999673 0.260000000000402 0
0.3999999999996191 0.2400000000003755 0
0.3999999999995653 0.2200000000003488 0
0.3999999999995114 0.2000000000003223 0
0.3999999999994576 0.1800000000002956 0
0.3999999999994037 0.160000000000269 0
0.3999999999993499 0.1400000000002425 0
0.3999999999992961 0.1200000000002126 0
0.3999999999992423 0.1000000000001754 0
0.3999999999991884 0.08000000000013766 0
0.3999999999991346 0.06000000000010107 0
0.3999999999990808 0.04000000000006854 0
0.3999999999990269 0.02000000000003481 0
0.3800000000015307 0.9799999999999283 0
0.3800000000014797 0.9599999999998565 0
0.3800000000014288 0.939999999999785 0
0.3800000000013778 0.9199999999997133 0
0.3800000000013267 0.8999999999996418 0
0.3800000000012758 0.8799999999995749 0
0.3800000000012247 0.8599999999996015 0
0.3800000000011737 0.8399999999996676 0
0.3800000000011227 0.8199999999997336 0
0.3800000000010717 0.7999999999997995 0
0.3800000000010207 0.7799999999998655 0
0.3800000000009697 0.7599999999999316 0
0.3800000000009186 0.7399999999999975 0
0.3800000000008676 0.7200000000000635 0
0.3800000000008167 0.7000000000001294 0
0.3800000000007656 0.6800000000001956 0
0.3800000000007147 0.6600000000002615 0
0.3800000000006637 0.6400000000003273 0
0.3800000000006126 0.6200000000003932 0
0.3800000000005617 0.6000000000004593 0
0.3800000000005107 0.5800000000005252 0
0.3800000000004596 0.5600000000005911 0
0.3800000000004086 0.5400000000006573 0
0.3800000000003576 0.5200000000007231 0
0.3800000000003066 0.5000000000007798 0
0.3800000000002557 0.4800000000007597 0
0.3800000000002046 0.4600000000007303 0
0.3800000000001537 0.4400000000007008 0
0.3800000000001027 0.4200000000006715 0
0.3800000000000516 0.400000000000642 0
0.3800000000000006 0.3800000000006126 0
0.3799999999999496 0.3600000000005831 0
0.3799999999998986 0.3400000000005537 0
0.3799999999998476 0.3200000000005243 0
0.3799999999997966 0.3000000000004948 0
0.3799999999997455 0.2800000000004654 0
0.3799999999996946 0.260000000000436 0
0.3799999999996435 0.2400000000004066 0
0.3799999999995926 0.2200000000003772 0
0.3799999999995416 0.2000000000003478 0
0.3799999999994905 0.1800000000003183 0
0.3799999999994395 0.1600000000002889 0
0.3799999999993886 0.1400000000002595 0
0.3799999999993375 0.120000000000227 0
0.3799999999992865 0.1000000000001874 0
0.3799999999992355 0.08000000000014743 0
0.3799999999991845 0.06000000000010849 0
0.3799999999991335 0.04000000000007344 0
0.3799999999990824 0.02000000000003722 0
0.3600000000014502 0.9799999999999278 0
0.360000000001402 0.9599999999998554 0
0.3600000000013538 0.939999999999783 0
0.3600000000013057 0.9199999999997108 0
0.3600000000012574 0.8999999999996386 0
0.3600000000012094 0.8799999999995715 0
0.3600000000011612 0.8599999999996004 0
0.3600000000011131 0.8399999999996703 0
0.3600000000010648 0.81999999999974 0
0.3600000000010167 0.79999999999981 0
0.3600000000009684 0.7799999999998799 0
0.3600000000009204 0.7599999999999498 0
0.3600000000008721 0.7400000000000195 0
0.360000000000824 0.7200000000000895 0
0.3600000000007758 0.7000000000001592 0
0.3600000000007276 0.6800000000002291 0
0.3600000000006794 0.6600000000002988 0
0.3600000000006313 0.6400000000003686 0
0.3600000000005831 0.6200000000004385 0
0.360000000000535 0.6000000000005081 0
0.3600000000004867 0.5800000000005781 0
0.3600000000004386 0.5600000000006478 0
0.3600000000003903 0.5400000000007175 0
0.3600000000003423 0.5200000000007873 0
0.3600000000002942 0.5000000000008471 0
0.3600000000002458 0.4800000000008249 0
0.3600000000001978 0.4600000000007927 0
0.3600000000001496 0.4400000000007604 0
0.3600000000001015 0.4200000000007281 0
0.3600000000000533 0.4000000000006958 0
0.3600000000000051 0.3800000000006637 0
0.3599999999999569 0.3600000000006313 0
0.3599999999999087 0.340000000000599 0
0.3599999999998605 0.3200000000005667 0
0.3599999999998124 0.3000000000005345 0
0.3599999999997642 0.2800000000005023 0
0.359999999999716 0.26000000000047 0
0.3599999999996678 0.2400000000004378 0
0.3599999999996197 0.2200000000004055 0
0.3599999999995714 0.2000000000003733 0
0.3599999999995234 0.180000000000341 0
0.3599999999994752 0.1600000000003087 0
0.359999999999427 0.1400000000002765 0
0.3599999999993788 0.1200000000002413 0
0.3599999999993307 0.1000000000001995 0
0.3599999999992826 0.08000000000015717 0
0.3599999999992344 0.06000000000011593 0
0.3599999999991862 0.04000000000007833 0
0.359999999999138 0.02000000000003965 0
0.3400000000013698 0.9799999999999272 0
0.3400000000013244 0.9599999999998541 0
0.3400000000012791 0.9399999999997812 0
0.3400000000012336 0.9199999999997084 0
0.3400000000011884 0.8999999999996355 0
0.3400000000011431 0.8799999999995679 0
0.3400000000010978 0.8599999999995995 0
0.3400000000010523 0.8399999999996735 0
0.3400000000010071 0.8199999999997468 0
0.3400000000009618 0.7999999999998206 0
0.3400000000009163 0.7799999999998943 0
0.340000000000871 0.759999999999968 0
0.3400000000008258 0.7400000000000415 0
0.3400000000007803 0.7200000000001152 0
0.340000000000735 0.7000000000001889 0
0.3400000000006896 0.6800000000002626 0
0.3400000000006443 0.6600000000003363 0
0.340000000000599 0.6400000000004099 0
0.3400000000005537 0.6200000000004834 0
0.3400000000005083 0.600000000000557 0
0.340000000000463 0.5800000000006307 0
0.3400000000004176 0.5600000000007044 0
0.3400000000003723 0.5400000000007779 0
0.3400000000003269 0.5200000000008514 0
0.3400000000002817 0.5000000000009146 0
0.3400000000002363 0.48000000000089 0
0.340000000000191 0.4600000000008551 0
0.3400000000001456 0.4400000000008198 0
0.3400000000001003 0.4200000000007849 0
0.340000000000055 0.4000000000007496 0
0.3400000000000096 0.3800000000007147 0
0.3399999999999643 0.3600000000006794 0
0.339999999999919 0.3400000000006443 0
0.3399999999998736 0.3200000000006092 0
0.3399999999998283 0.3000000000005741 0
0.3399999999997829 0.2800000000005392 0
0.3399999999997376 0.2600000000005039 0
0.3399999999996922 0.2400000000004689 0
0.3399999999996469 0.2200000000004338 0
0.3399999999996016 0.2000000000003988 0
0.3399999999995563 0.1800000000003637 0
0.3399999999995109 0.1600000000003285 0
0.3399999999994656 0.1400000000002936 0
0.3399999999994202 0.1200000000002557 0
0.3399999999993749 0.1000000000002115 0
0.3399999999993296 0.08000000000016694 0
0.3399999999992843 0.06000000000012337 0
0.3399999999992389 0.04000000000008322 0
0.3399999999991936 0.02000000000004207 0
0.3200000000012894 0.9799999999999265 0
0.320000000001247 0.959999999999853 0
0.3200000000012043 0.9399999999997795 0
0.3200000000011618 0.9199999999997059 0
0.3200000000011193 0.8999999999996324 0
0.3200000000010768 0.8799999999995645 0
0.3200000000010343 0.8599999999995986 0
0.3200000000009918 0.8399999999996761 0
0.3200000000009494 0.8199999999997536 0
0.3200000000009069 0.7999999999998313 0
0.3200000000008643 0.7799999999999088 0
0.3200000000008218 0.7599999999999862 0
0.3200000000007792 0.7400000000000637 0
0.3200000000007368 0.7200000000001412 0
0.3200000000006943 0.7000000000002187 0
0.3200000000006518 0.6800000000002961 0
0.3200000000006092 0.6600000000003736 0
0.3200000000005667 0.6400000000004508 0
0.3200000000005243 0.6200000000005285 0
0.3200000000004819 0.6000000000006058 0
0.3200000000004393 0.5800000000006833 0
0.3200000000003967 0.5600000000007608 0
0.3200000000003542 0.5400000000008383 0
0.3200000000003118 0.5200000000009158 0
0.3200000000002692 0.5000000000009819 0
0.3200000000002268 0.4800000000009552 0
0.3200000000001842 0.4600000000009173 0
0.3200000000001417 0.4400000000008794 0
0.3200000000000992 0.4200000000008415 0
0.3200000000000567 0.4000000000008035 0
0.3200000000000143 0.3800000000007657 0
0.3199999999999718 0.3600000000007276 0
0.3199999999999292 0.3400000000006896 0
0.3199999999998867 0.3200000000006518 0
0.3199999999998442 0.3000000000006138 0
0.3199999999998017 0.280000000000576 0
0.3199999999997591 0.260000000000538 0
0.3199999999997167 0.2400000000005001 0
0.3199999999996741 0.2200000000004622 0
0.3199999999996317 0.2000000000004243 0
0.3199999999995891 0.1800000000003864 0
0.3199999999995466 0.1600000000003484 0
0.3199999999995041 0.1400000000003105 0
0.3199999999994616 0.12000000000027 0
0.3199999999994192 0.1000000000002235 0
0.3199999999993766 0.08000000000017671 0
0.3199999999993342 0.0600000000001308 0
0.3199999999992916 0.04000000000008812 0
0.3199999999992491 0.02000000000004448 0
0.300000000001209 0.9799999999999258 0
0.3000000000011692 0.9599999999998516 0
0.3000000000011296 0.9399999999997777 0
0.3000000000010898 0.9199999999997035 0
0.3000000000010502 0.8999999999996293 0
0.3000000000010106 0.8799999999995609 0
0.3000000000009708 0.8599999999995978 0
0.3000000000009312 0.8399999999996791 0
0.3000000000008916 0.8199999999997604 0
0.3000000000008518 0.7999999999998417 0
0.3000000000008123 0.779999999999923 0
0.3000000000007725 0.7600000000000044 0
0.3000000000007329 0.7400000000000857 0
0.3000000000006933 0.720000000000167 0
0.3000000000006535 0.7000000000002484 0
0.3000000000006139 0.6800000000003295 0
0.3000000000005741 0.6600000000004109 0
0.3000000000005345 0.6400000000004921 0
0.3000000000004949 0.6200000000005735 0
0.3000000000004551 0.6000000000006547 0
0.3000000000004155 0.5800000000007361 0
0.3000000000003757 0.5600000000008172 0
0.3000000000003362 0.5400000000008987 0
0.3000000000002965 0.5200000000009798 0
0.3000000000002567 0.5000000000010492 0
0.3000000000002171 0.4800000000010204 0
0.3000000000001775 0.4600000000009796 0
0.3000000000001377 0.4400000000009389 0
0.3000000000000981 0.4200000000008981 0
0.3000000000000584 0.4000000000008573 0
0.3000000000000188 0.3800000000008166 0
0.2999999999999791 0.3600000000007758 0
0.2999999999999394 0.3400000000007349 0
0.2999999999998997 0.3200000000006943 0
0.29999999999986 0.3000000000006535 0
0.2999999999998204 0.2800000000006128 0
0.2999999999997807 0.260000000000572 0
0.299999999999741 0.2400000000005313 0
0.2999999999997014 0.2200000000004905 0
0.2999999999996616 0.2000000000004498 0
0.299999999999622 0.1800000000004091 0
0.2999999999995824 0.1600000000003683 0
0.2999999999995426 0.1400000000003275 0
0.299999999999503 0.1200000000002843 0
0.2999999999994634 0.1000000000002356 0
0.2999999999994236 0.08000000000018648 0
0.299999999999384 0.06000000000013823 0
0.2999999999993443 0.04000000000009302 0
0.2999999999993046 0.0200000000000469 0
0.2800000000011286 0.9799999999999254 0
0.2800000000010917 0.9599999999998505 0
0.280000000001055 0.9399999999997759 0
0.2800000000010181 0.9199999999997011 0
0.2800000000009812 0.8999999999996264 0
0.2800000000009443 0.8799999999995574 0
0.2800000000009075 0.8599999999995969 0
0.2800000000008707 0.839999999999682 0
0.2800000000008338 0.8199999999997671 0
0.2800000000007971 0.7999999999998522 0
0.2800000000007602 0.7799999999999374 0
0.2800000000007233 0.7600000000000227 0
0.2800000000006865 0.7400000000001077 0
0.2800000000006496 0.7200000000001927 0
0.2800000000006129 0.7000000000002782 0
0.280000000000576 0.6800000000003632 0
0.2800000000005392 0.6600000000004482 0
0.2800000000005023 0.6400000000005334 0
0.2800000000004654 0.6200000000006184 0
0.2800000000004286 0.6000000000007035 0
0.2800000000003918 0.5800000000007886 0
0.280000000000355 0.5600000000008738 0
0.2800000000003181 0.540000000000959 0
0.2800000000002812 0.5200000000010442 0
0.2800000000002444 0.5000000000011167 0
0.2800000000002075 0.4800000000010856 0
0.2800000000001707 0.4600000000010419 0
0.2800000000001339 0.4400000000009984 0
0.2800000000000971 0.4200000000009548 0
0.2800000000000602 0.4000000000009112 0
0.2800000000000233 0.3800000000008676 0
0.2799999999999866 0.360000000000824 0
0.2799999999999496 0.3400000000007803 0
0.2799999999999129 0.3200000000007368 0
0.279999999999876 0.3000000000006932 0
0.2799999999998392 0.2800000000006496 0
0.2799999999998023 0.2600000000006061 0
0.2799999999997654 0.2400000000005625 0
0.2799999999997287 0.2200000000005189 0
0.2799999999996918 0.2000000000004754 0
0.279999999999655 0.1800000000004317 0
0.2799999999996181 0.1600000000003881 0
0.2799999999995813 0.1400000000003446 0
0.2799999999995445 0.1200000000002987 0
0.2799999999995076 0.1000000000002476 0
0.2799999999994708 0.08000000000019625 0
0.2799999999994339 0.06000000000014566 0
0.2799999999993971 0.04000000000009792 0
0.2799999999993602 0.02000000000004932 0
0.2600000000010482 0.9799999999999247 0
0.2600000000010142 0.9599999999998494 0
0.26000000000098 0.9399999999997739 0
0.2600000000009461 0.9199999999996986 0
0.2600000000009121 0.8999999999996233 0
0.2600000000008781 0.8799999999995538 0
0.2600000000008441 0.8599999999995958 0
0.26000000000081 0.8399999999996849 0
0.2600000000007761 0.8199999999997739 0
0.2600000000007421 0.7999999999998628 0
0.260000000000708 0.7799999999999518 0
0.260000000000674 0.7600000000000409 0
0.2600000000006401 0.7400000000001299 0
0.2600000000006061 0.7200000000002187 0
0.260000000000572 0.7000000000003077 0
0.260000000000538 0.6800000000003967 0
0.2600000000005039 0.6600000000004855 0
0.26000000000047 0.6400000000005747 0
0.260000000000436 0.6200000000006635 0
0.2600000000004019 0.6000000000007524 0
0.2600000000003679 0.5800000000008414 0
0.260000000000334 0.5600000000009304 0
0.2600000000003 0.5400000000010194 0
0.2600000000002659 0.5200000000011081 0
0.2600000000002319 0.5000000000011839 0
0.260000000000198 0.4800000000011507 0
0.2600000000001639 0.4600000000011043 0
0.2600000000001299 0.4400000000010579 0
0.2600000000000958 0.4200000000010115 0
0.2600000000000618 0.400000000000965 0
0.2600000000000279 0.3800000000009187 0
0.2599999999999939 0.3600000000008722 0
0.2599999999999598 0.3400000000008258 0
0.259999999999926 0.3200000000007793 0
0.2599999999998919 0.3000000000007328 0
0.2599999999998578 0.2800000000006865 0
0.2599999999998238 0.2600000000006401 0
0.2599999999997898 0.2400000000005937 0
0.2599999999997559 0.2200000000005472 0
0.2599999999997218 0.2000000000005008 0
0.2599999999996878 0.1800000000004544 0
0.2599999999996538 0.1600000000004079 0
0.2599999999996198 0.1400000000003616 0
0.2599999999995858 0.120000000000313 0
0.2599999999995518 0.1000000000002597 0
0.2599999999995177 0.08000000000020599 0
0.2599999999994838 0.0600000000001531 0
0.2599999999994497 0.04000000000010281 0
0.2599999999994157 0.02000000000005174 0
0.2400000000009678 0.979999999999924 0
0.2400000000009366 0.9599999999998481 0
0.2400000000009055 0.9399999999997721 0
0.2400000000008743 0.9199999999996962 0
0.2400000000008431 0.8999999999996202 0
0.2400000000008119 0.87999999999955 0
0.2400000000007808 0.8599999999995949 0
0.2400000000007496 0.8399999999996878 0
0.2400000000007184 0.8199999999997805 0
0.2400000000006872 0.7999999999998735 0
0.240000000000656 0.7799999999999663 0
0.2400000000006249 0.7600000000000591 0
0.2400000000005937 0.7400000000001516 0
0.2400000000005625 0.7200000000002447 0
0.2400000000005313 0.7000000000003375 0
0.2400000000005001 0.6800000000004303 0
0.2400000000004689 0.6600000000005228 0
0.2400000000004378 0.6400000000006157 0
0.2400000000004067 0.6200000000007085 0
0.2400000000003755 0.6000000000008012 0
0.2400000000003443 0.580000000000894 0
0.2400000000003131 0.5600000000009868 0
0.2400000000002819 0.5400000000010796 0
0.2400000000002507 0.5200000000011723 0
0.2400000000002196 0.5000000000012512 0
0.2400000000001884 0.4800000000012158 0
0.2400000000001572 0.4600000000011666 0
0.2400000000001261 0.4400000000011173 0
0.2400000000000948 0.4200000000010682 0
0.2400000000000637 0.4000000000010189 0
0.2400000000000325 0.3800000000009697 0
0.2400000000000013 0.3600000000009204 0
0.2399999999999701 0.340000000000871 0
0.239999999999939 0.3200000000008218 0
0.2399999999999078 0.3000000000007725 0
0.2399999999998766 0.2800000000007233 0
0.2399999999998454 0.260000000000674 0
0.2399999999998143 0.2400000000006248 0
0.2399999999997831 0.2200000000005756 0
0.239999999999752 0.2000000000005264 0
0.2399999999997208 0.1800000000004771 0
0.2399999999996896 0.1600000000004278 0
0.2399999999996584 0.1400000000003786 0
0.2399999999996272 0.1200000000003273 0
0.2399999999995961 0.1000000000002717 0
0.2399999999995649 0.08000000000021576 0
0.2399999999995337 0.06000000000016054 0
0.2399999999995025 0.0400000000001077 0
0.2399999999994713 0.02000000000005416 0
0.2200000000008874 0.9799999999999234 0
0.220000000000859 0.9599999999998468 0
0.2200000000008306 0.9399999999997704 0
0.2200000000008023 0.9199999999996935 0
0.220000000000774 0.8999999999996173 0
0.2200000000007457 0.8799999999995467 0
0.2200000000007173 0.8599999999995938 0
0.220000000000689 0.8399999999996905 0
0.2200000000006606 0.8199999999997872 0
0.2200000000006322 0.7999999999998839 0
0.2200000000006039 0.7799999999999805 0
0.2200000000005756 0.7600000000000773 0
0.2200000000005473 0.7400000000001739 0
0.2200000000005189 0.7200000000002704 0
0.2200000000004905 0.700000000000367 0
0.2200000000004622 0.6800000000004636 0
0.2200000000004338 0.6600000000005604 0
0.2200000000004055 0.6400000000006568 0
0.2200000000003772 0.6200000000007534 0
0.2200000000003488 0.6000000000008501 0
0.2200000000003205 0.5800000000009466 0
0.2200000000002921 0.5600000000010432 0
0.2200000000002638 0.5400000000011398 0
0.2200000000002355 0.5200000000012365 0
0.2200000000002071 0.5000000000013187 0
0.2200000000001788 0.4800000000012811 0
0.2200000000001504 0.460000000001229 0
0.2200000000001221 0.4400000000011769 0
0.2200000000000938 0.4200000000011248 0
0.2200000000000654 0.4000000000010727 0
0.2200000000000371 0.3800000000010206 0
0.2200000000000087 0.3600000000009684 0
0.2199999999999804 0.3400000000009163 0
0.219999999999952 0.3200000000008643 0
0.2199999999999237 0.3000000000008122 0
0.2199999999998954 0.2800000000007602 0
0.219999999999867 0.260000000000708 0
0.2199999999998387 0.240000000000656 0
0.2199999999998103 0.2200000000006039 0
0.219999999999782 0.2000000000005518 0
0.2199999999997536 0.1800000000004998 0
0.2199999999997253 0.1600000000004477 0
0.2199999999996969 0.1400000000003956 0
0.2199999999996686 0.1200000000003417 0
0.2199999999996403 0.1000000000002838 0
0.219999999999612 0.0800000000002255 0
0.2199999999995835 0.06000000000016797 0
0.2199999999995552 0.0400000000001126 0
0.2199999999995269 0.02000000000005657 0
0.200000000000807 0.9799999999999229 0
0.2000000000007815 0.9599999999998456 0
0.200000000000756 0.9399999999997684 0
0.2000000000007304 0.9199999999996913 0
0.2000000000007049 0.8999999999996142 0
0.2000000000006794 0.8799999999995433 0
0.2000000000006539 0.8599999999995929 0
0.2000000000006284 0.8399999999996934 0
0.2000000000006029 0.8199999999997938 0
0.2000000000005774 0.7999999999998944 0
0.2000000000005519 0.7799999999999949 0
0.2000000000005264 0.7600000000000955 0
0.2000000000005009 0.7400000000001958 0
0.2000000000004754 0.7200000000002964 0
0.2000000000004498 0.7000000000003967 0
0.2000000000004243 0.6800000000004973 0
0.2000000000003988 0.6600000000005977 0
0.2000000000003733 0.6400000000006981 0
0.2000000000003478 0.6200000000007987 0
0.2000000000003223 0.6000000000008989 0
0.2000000000002967 0.5800000000009995 0
0.2000000000002712 0.5600000000010998 0
0.2000000000002457 0.5400000000012002 0
0.2000000000002202 0.5200000000013006 0
0.2000000000001947 0.500000000001386 0
0.2000000000001692 0.4800000000013461 0
0.2000000000001437 0.4600000000012913 0
0.2000000000001182 0.4400000000012363 0
0.2000000000000927 0.4200000000011815 0
0.2000000000000671 0.4000000000011266 0
0.2000000000000416 0.3800000000010717 0
0.2000000000000161 0.3600000000010166 0
0.1999999999999906 0.3400000000009616 0
0.1999999999999651 0.3200000000009068 0
0.1999999999999396 0.3000000000008518 0
0.199999999999914 0.2800000000007971 0
0.1999999999998885 0.260000000000742 0
0.1999999999998631 0.2400000000006872 0
0.1999999999998375 0.2200000000006322 0
0.199999999999812 0.2000000000005774 0
0.1999999999997865 0.1800000000005224 0
0.199999999999761 0.1600000000004675 0
0.1999999999997355 0.1400000000004126 0
0.19999999999971 0.120000000000356 0
0.1999999999996844 0.1000000000002958 0
0.199999999999659 0.08000000000023527 0
0.1999999999996335 0.06000000000017541 0
0.1999999999996079 0.0400000000001175 0
0.1999999999995824 0.02000000000005899 0
0.1800000000007266 0.9799999999999223 0
0.1800000000007039 0.9599999999998445 0
0.1800000000006812 0.9399999999997666 0
0.1800000000006585 0.9199999999996888 0
0.1800000000006358 0.8999999999996111 0
0.1800000000006131 0.8799999999995399 0
0.1800000000005905 0.859999999999592 0
0.1800000000005678 0.8399999999996964 0
0.1800000000005451 0.8199999999998006 0
0.1800000000005225 0.799999999999905 0
0.1800000000004998 0.7800000000000094 0
0.1800000000004771 0.7600000000001137 0
0.1800000000004544 0.7400000000002178 0
0.1800000000004317 0.7200000000003224 0
0.1800000000004091 0.7000000000004265 0
0.1800000000003864 0.6800000000005308 0
0.1800000000003637 0.6600000000006352 0
0.180000000000341 0.6400000000007394 0
0.1800000000003183 0.6200000000008435 0
0.1800000000002956 0.6000000000009478 0
0.1800000000002729 0.5800000000010521 0
0.1800000000002503 0.5600000000011565 0
0.1800000000002276 0.5400000000012606 0
0.1800000000002049 0.5200000000013648 0
0.1800000000001822 0.5000000000014533 0
0.1800000000001596 0.4800000000014114 0
0.1800000000001369 0.4600000000013537 0
0.1800000000001142 0.4400000000012959 0
0.1800000000000915 0.4200000000012382 0
0.1800000000000688 0.4000000000011804 0
0.1800000000000462 0.3800000000011228 0
0.1800000000000235 0.3600000000010648 0
0.1800000000000008 0.3400000000010071 0
0.1799999999999781 0.3200000000009493 0
0.1799999999999555 0.3000000000008916 0
0.1799999999999328 0.2800000000008339 0
0.1799999999999101 0.2600000000007761 0
0.1799999999998874 0.2400000000007184 0
0.1799999999998647 0.2200000000006606 0
0.1799999999998421 0.2000000000006029 0
0.1799999999998194 0.1800000000005451 0
0.1799999999997967 0.1600000000004873 0
0.179999999999774 0.1400000000004297 0
0.1799999999997514 0.1200000000003703 0
0.1799999999997287 0.1000000000003078 0
0.179999999999706 0.08000000000024504 0
0.1799999999996833 0.06000000000018284 0
0.1799999999996607 0.0400000000001224 0
0.179999999999638 0.02000000000006141 0
0.1600000000006461 0.9799999999999216 0
0.1600000000006263 0.9599999999998432 0
0.1600000000006064 0.9399999999997648 0
0.1600000000005865 0.9199999999996864 0
0.1600000000005667 0.899999999999608 0
0.1600000000005468 0.8799999999995364 0
0.1600000000005271 0.8599999999995911 0
0.1600000000005072 0.8399999999996993 0
0.1600000000004874 0.8199999999998072 0
0.1600000000004675 0.7999999999999157 0
0.1600000000004476 0.7800000000000238 0
0.1600000000004278 0.7600000000001319 0
0.1600000000004079 0.74000000000024 0
0.1600000000003881 0.7200000000003481 0
0.1600000000003683 0.7000000000004563 0
0.1600000000003484 0.6800000000005644 0
0.1600000000003285 0.6600000000006725 0
0.1600000000003087 0.6400000000007805 0
0.1600000000002889 0.6200000000008886 0
0.160000000000269 0.6000000000009966 0
0.1600000000002492 0.5800000000011047 0
0.1600000000002293 0.5600000000012129 0
0.1600000000002095 0.540000000001321 0
0.1600000000001897 0.520000000001429 0
0.1600000000001698 0.5000000000015208 0
0.16000000000015 0.4800000000014765 0
0.1600000000001301 0.4600000000014159 0
0.1600000000001103 0.4400000000013553 0
0.1600000000000904 0.4200000000012948 0
0.1600000000000706 0.4000000000012343 0
0.1600000000000507 0.3800000000011737 0
0.1600000000000309 0.360000000001113 0
0.160000000000011 0.3400000000010525 0
0.1599999999999912 0.3200000000009919 0
0.1599999999999713 0.3000000000009313 0
0.1599999999999515 0.2800000000008708 0
0.1599999999999316 0.2600000000008101 0
0.1599999999999118 0.2400000000007496 0
0.159999999999892 0.2200000000006889 0
0.1599999999998721 0.2000000000006284 0
0.1599999999998523 0.1800000000005678 0
0.1599999999998324 0.1600000000005072 0
0.1599999999998126 0.1400000000004467 0
0.1599999999997928 0.1200000000003847 0
0.1599999999997729 0.1000000000003199 0
0.159999999999753 0.08000000000025481 0
0.1599999999997332 0.06000000000019028 0
0.1599999999997134 0.04000000000012729 0
0.1599999999996935 0.02000000000006383 0
0.1400000000005657 0.9799999999999212 0
0.1400000000005487 0.9599999999998421 0
0.1400000000005318 0.939999999999763 0
0.1400000000005147 0.919999999999684 0
0.1400000000004977 0.8999999999996049 0
0.1400000000004806 0.8799999999995328 0
0.1400000000004636 0.8599999999995902 0
0.1400000000004467 0.8399999999997022 0
0.1400000000004296 0.8199999999998143 0
0.1400000000004126 0.7999999999999263 0
0.1400000000003956 0.780000000000038 0
0.1400000000003786 0.7600000000001501 0
0.1400000000003616 0.740000000000262 0
0.1400000000003446 0.7200000000003739 0
0.1400000000003275 0.700000000000486 0
0.1400000000003105 0.6800000000005979 0
0.1400000000002936 0.6600000000007098 0
0.1400000000002765 0.6400000000008216 0
0.1400000000002595 0.6200000000009337 0
0.1400000000002425 0.6000000000010455 0
0.1400000000002254 0.5800000000011576 0
0.1400000000002085 0.5600000000012693 0
0.1400000000001914 0.5400000000013814 0
0.1400000000001744 0.5200000000014932 0
0.1400000000001574 0.5000000000015881 0
0.1400000000001404 0.4800000000015417 0
0.1400000000001234 0.4600000000014783 0
0.1400000000001064 0.4400000000014148 0
0.1400000000000894 0.4200000000013515 0
0.1400000000000723 0.4000000000012881 0
0.1400000000000553 0.3800000000012247 0
0.1400000000000383 0.3600000000011612 0
0.1400000000000213 0.3400000000010978 0
0.1400000000000043 0.3200000000010343 0
0.1399999999999873 0.3000000000009708 0
0.1399999999999703 0.2800000000009075 0
0.1399999999999533 0.2600000000008441 0
0.1399999999999362 0.2400000000007808 0
0.1399999999999192 0.2200000000007173 0
0.1399999999999022 0.2000000000006539 0
0.1399999999998852 0.1800000000005905 0
0.1399999999998682 0.1600000000005271 0
0.1399999999998511 0.1400000000004636 0
0.1399999999998341 0.120000000000399 0
0.1399999999998171 0.1000000000003319 0
0.1399999999998001 0.08000000000026458 0
0.1399999999997831 0.0600000000001977 0
0.1399999999997661 0.04000000000013218 0
0.1399999999997491 0.02000000000006624 0
0.120000000000485 0.9799999999999203 0
0.1200000000004707 0.9599999999998408 0
0.1200000000004564 0.9399999999997612 0
0.120000000000442 0.9199999999996815 0
0.1200000000004277 0.8999999999996018 0
0.1200000000004134 0.8799999999995293 0
0.120000000000399 0.8599999999995893 0
0.1200000000003847 0.8399999999997051 0
0.1200000000003704 0.819999999999821 0
0.120000000000356 0.7999999999999365 0
0.1200000000003417 0.7800000000000527 0
0.1200000000003273 0.7600000000001683 0
0.120000000000313 0.740000000000284 0
0.1200000000002986 0.7200000000003999 0
0.1200000000002843 0.7000000000005158 0
0.12000000000027 0.6800000000006314 0
0.1200000000002556 0.6600000000007471 0
0.1200000000002413 0.6400000000008629 0
0.120000000000227 0.6200000000009785 0
0.1200000000002127 0.6000000000010943 0
0.1200000000001983 0.5800000000012102 0
0.120000000000184 0.5600000000013259 0
0.1200000000001696 0.5400000000014418 0
0.1200000000001553 0.5200000000015573 0
0.1200000000001409 0.5000000000016553 0
0.1200000000001266 0.4800000000016068 0
0.1200000000001123 0.4600000000015406 0
0.1200000000000979 0.4400000000014743 0
0.1200000000000836 0.4200000000014082 0
0.1200000000000693 0.4000000000013418 0
0.1200000000000549 0.3800000000012758 0
0.1200000000000406 0.3600000000012094 0
0.1200000000000263 0.3400000000011431 0
0.1200000000000119 0.3200000000010769 0
0.1199999999999976 0.3000000000010106 0
0.1199999999999833 0.2800000000009444 0
0.1199999999999689 0.2600000000008781 0
0.1199999999999546 0.2400000000008119 0
0.1199999999999402 0.2200000000007456 0
0.1199999999999259 0.2000000000006794 0
0.1199999999999116 0.1800000000006132 0
0.1199999999998972 0.1600000000005469 0
0.1199999999998829 0.1400000000004807 0
0.1199999999998685 0.1200000000004134 0
0.1199999999998542 0.100000000000344 0
0.1199999999998399 0.08000000000027435 0
0.1199999999998256 0.06000000000020514 0
0.1199999999998112 0.04000000000013708 0
0.1199999999997969 0.02000000000006866 0
0.1000000000004042 0.9799999999999198 0
0.1000000000003921 0.9599999999998396 0
0.1000000000003801 0.9399999999997595 0
0.100000000000368 0.9199999999996791 0
0.100000000000356 0.8999999999995989 0
0.100000000000344 0.8799999999995257 0
0.1000000000003319 0.8599999999995884 0
0.1000000000003199 0.839999999999708 0
0.1000000000003078 0.8199999999998276 0
0.1000000000002958 0.7999999999999472 0
0.1000000000002838 0.7800000000000669 0
0.1000000000002717 0.7600000000001865 0
0.1000000000002597 0.7400000000003062 0
0.1000000000002476 0.7200000000004256 0
0.1000000000002356 0.7000000000005453 0
0.1000000000002235 0.6800000000006647 0
0.1000000000002115 0.6600000000007844 0
0.1000000000001995 0.6400000000009041 0
0.1000000000001874 0.6200000000010236 0
0.1000000000001754 0.6000000000011432 0
0.1000000000001633 0.5800000000012628 0
0.1000000000001513 0.5600000000013823 0
0.1000000000001393 0.5400000000015022 0
0.1000000000001272 0.5200000000016215 0
0.1000000000001152 0.5000000000017228 0
0.1000000000001031 0.480000000001672 0
0.1000000000000911 0.460000000001603 0
0.1000000000000791 0.4400000000015338 0
0.100000000000067 0.4200000000014649 0
0.1000000000000549 0.4000000000013957 0
0.1000000000000429 0.3800000000013267 0
0.1000000000000309 0.3600000000012574 0
0.1000000000000189 0.3400000000011884 0
0.1000000000000068 0.3200000000011194 0
0.09999999999999476 0.3000000000010503 0
0.09999999999998271 0.2800000000009812 0
0.09999999999997067 0.2600000000009121 0
0.09999999999995862 0.2400000000008431 0
0.09999999999994658 0.220000000000774 0
0.09999999999993453 0.2000000000007049 0
0.09999999999992248 0.1800000000006358 0
0.09999999999991044 0.1600000000005667 0
0.09999999999989842 0.1400000000004977 0
0.09999999999988637 0.1200000000004277 0
0.09999999999987436 0.100000000000356 0
0.09999999999986231 0.08000000000028409 0
0.09999999999985026 0.06000000000021258 0
0.09999999999983822 0.04000000000014198 0
0.09999999999982617 0.02000000000007109 0
0.08000000000032317 0.9799999999999192 0
0.0800000000003134 0.9599999999998383 0
0.08000000000030363 0.9399999999997575 0
0.08000000000029386 0.9199999999996766 0
0.08000000000028409 0.8999999999995958 0
0.08000000000027435 0.8799999999995222 0
0.08000000000026458 0.8599999999995873 0
0.08000000000025481 0.8399999999997108 0
0.08000000000024507 0.8199999999998343 0
0.0800000000002353 0.7999999999999579 0
0.08000000000022553 0.7800000000000813 0
0.08000000000021576 0.7600000000002047 0
0.08000000000020599 0.7400000000003282 0
0.08000000000019622 0.7200000000004516 0
0.08000000000018648 0.7000000000005748 0
0.08000000000017671 0.6800000000006985 0
0.08000000000016694 0.6600000000008219 0
0.08000000000015717 0.6400000000009453 0
0.08000000000014743 0.6200000000010687 0
0.08000000000013766 0.600000000001192 0
0.08000000000012789 0.5800000000013155 0
0.08000000000011814 0.5600000000014389 0
0.08000000000010837 0.5400000000015623 0
0.0800000000000986 0.5200000000016857 0
0.08000000000008883 0.5000000000017901 0
0.08000000000007906 0.4800000000017371 0
0.08000000000006929 0.4600000000016653 0
0.08000000000005955 0.4400000000015933 0
0.08000000000004978 0.4200000000015215 0
0.08000000000004004 0.4000000000014495 0
0.08000000000003027 0.3800000000013777 0
0.0800000000000205 0.3600000000013056 0
0.08000000000001073 0.3400000000012338 0
0.08000000000000099 0.3200000000011619 0
0.07999999999999122 0.30000000000109 0
0.07999999999998145 0.2800000000010181 0
0.07999999999997168 0.2600000000009461 0
0.07999999999996191 0.2400000000008743 0
0.07999999999995216 0.2200000000008023 0
0.07999999999994239 0.2000000000007305 0
0.07999999999993263 0.1800000000006585 0
0.07999999999992286 0.1600000000005866 0
0.07999999999991311 0.1400000000005147 0
0.07999999999990334 0.120000000000442 0
0.0799999999998936 0.100000000000368 0
0.07999999999988383 0.08000000000029386 0
0.07999999999987406 0.06000000000022002 0
0.07999999999986429 0.04000000000014688 0
0.07999999999985452 0.0200000000000735 0
0.0600000000002423 0.9799999999999185 0
0.06000000000023488 0.959999999999837 0
0.06000000000022745 0.9399999999997557 0
0.06000000000022 0.9199999999996742 0
0.06000000000021256 0.8999999999995929 0
0.06000000000020514 0.8799999999995186 0
0.06000000000019771 0.8599999999995862 0
0.06000000000019026 0.8399999999997138 0
0.06000000000018284 0.819999999999841 0
0.06000000000017541 0.7999999999999685 0
0.06000000000016797 0.7800000000000957 0
0.06000000000016054 0.7600000000002229 0
0.0600000000001531 0.7400000000003502 0
0.06000000000014567 0.7200000000004774 0
0.06000000000013823 0.7000000000006048 0
0.0600000000001308 0.680000000000732 0
0.06000000000012337 0.6600000000008592 0
0.06000000000011593 0.6400000000009863 0
0.06000000000010851 0.6200000000011138 0
0.06000000000010107 0.6000000000012409 0
0.06000000000009363 0.5800000000013681 0
0.06000000000008619 0.5600000000014953 0
0.06000000000007877 0.5400000000016225 0
0.06000000000007133 0.5200000000017498 0
0.06000000000006389 0.5000000000018574 0
0.06000000000005647 0.4800000000018023 0
0.06000000000004903 0.4600000000017277 0
0.0600000000000416 0.4400000000016528 0
0.06000000000003416 0.4200000000015782 0
0.06000000000002673 0.4000000000015034 0
0.06000000000001929 0.3800000000014288 0
0.06000000000001186 0.3600000000013538 0
0.06000000000000442 0.3400000000012791 0
0.059999999999997 0.3200000000012044 0
0.05999999999998956 0.3000000000011296 0
0.05999999999998212 0.2800000000010548 0
0.05999999999997468 0.2600000000009801 0
0.05999999999996725 0.2400000000009054 0
0.05999999999995984 0.2200000000008306 0
0.0599999999999524 0.200000000000756 0
0.05999999999994496 0.1800000000006812 0
0.05999999999993752 0.1600000000006064 0
0.0599999999999301 0.1400000000005317 0
0.05999999999992267 0.1200000000004564 0
0.05999999999991523 0.1000000000003801 0
0.05999999999990779 0.08000000000030363 0
0.05999999999990036 0.06000000000022744 0
0.05999999999989292 0.04000000000015178 0
0.05999999999988548 0.02000000000007592 0
0.04000000000016156 0.979999999999918 0
0.04000000000015667 0.9599999999998359 0
0.04000000000015176 0.9399999999997537 0
0.04000000000014688 0.9199999999996717 0
0.04000000000014196 0.8999999999995898 0
0.04000000000013708 0.8799999999995151 0
0.04000000000013218 0.8599999999995855 0
0.04000000000012729 0.8399999999997166 0
0.0400000000001224 0.8199999999998476 0
0.0400000000001175 0.799999999999979 0
0.04000000000011261 0.7800000000001099 0
0.0400000000001077 0.7600000000002411 0
0.04000000000010281 0.7400000000003724 0
0.0400000000000979 0.7200000000005033 0
0.04000000000009302 0.7000000000006343 0
0.04000000000008812 0.6800000000007655 0
0.04000000000008323 0.6600000000008968 0
0.04000000000007833 0.6400000000010276 0
0.04000000000007344 0.6200000000011588 0
0.04000000000006854 0.6000000000012897 0
0.04000000000006364 0.5800000000014209 0
0.04000000000005874 0.5600000000015519 0
0.04000000000005384 0.5400000000016829 0
0.04000000000004895 0.520000000001814 0
0.04000000000004406 0.5000000000019249 0
0.04000000000003916 0.4800000000018675 0
0.04000000000003426 0.46000000000179 0
0.04000000000002937 0.4400000000017124 0
0.04000000000002447 0.420000000001635 0
0.04000000000001958 0.4000000000015572 0
0.04000000000001468 0.3800000000014798 0
0.04000000000000978 0.360000000001402 0
0.04000000000000489 0.3400000000013245 0
0.03999999999999999 0.3200000000012468 0
0.0399999999999951 0.3000000000011693 0
0.0399999999999902 0.2800000000010917 0
0.0399999999999853 0.2600000000010142 0
0.03999999999998041 0.2400000000009366 0
0.03999999999997551 0.220000000000859 0
0.03999999999997061 0.2000000000007815 0
0.03999999999996572 0.1800000000007039 0
0.03999999999996082 0.1600000000006263 0
0.03999999999995593 0.1400000000005487 0
0.03999999999995103 0.1200000000004707 0
0.03999999999994613 0.1000000000003921 0
0.03999999999994124 0.08000000000031338 0
0.03999999999993634 0.06000000000023487 0
0.03999999999993145 0.04000000000015666 0
0.03999999999992655 0.02000000000007834 0
0.02000000000008076 0.9799999999999172 0
0.02000000000007834 0.9599999999998348 0
0.02000000000007592 0.9399999999997519 0
0.02000000000007351 0.9199999999996693 0
0.02000000000007109 0.8999999999995867 0
0.02000000000006866 0.8799999999995117 0
0.02000000000006624 0.8599999999995844 0
0.02000000000006383 0.8399999999997195 0
0.02000000000006141 0.8199999999998543 0
0.020000000000059 0.7999999999999894 0
0.02000000000005657 0.7800000000001244 0
0.02000000000005416 0.7600000000002594 0
0.02000000000005174 0.7400000000003943 0
0.02000000000004932 0.7200000000005293 0
0.0200000000000469 0.7000000000006641 0
0.02000000000004448 0.6800000000007991 0
0.02000000000004206 0.6600000000009341 0
0.02000000000003965 0.6400000000010689 0
0.02000000000003723 0.6200000000012037 0
0.02000000000003481 0.6000000000013386 0
0.02000000000003239 0.5800000000014733 0
0.02000000000002997 0.5600000000016085 0
0.02000000000002755 0.5400000000017433 0
0.02000000000002514 0.5200000000018782 0
0.02000000000002272 0.500000000001992 0
0.0200000000000203 0.4800000000019327 0
0.02000000000001788 0.4600000000018523 0
0.02000000000001546 0.4400000000017719 0
0.02000000000001305 0.4200000000016916 0
0.02000000000001063 0.4000000000016111 0
0.02000000000000821 0.3800000000015308 0
0.02000000000000579 0.3600000000014502 0
0.02000000000000338 0.3400000000013698 0
0.02000000000000095 0.3200000000012894 0
0.01999999999999853 0.300000000001209 0
0.01999999999999612 0.2800000000011286 0
0.0199999999999937 0.2600000000010482 0
0.01999999999999128 0.2400000000009678 0
0.01999999999998886 0.2200000000008873 0
0.01999999999998645 0.200000000000807 0
0.01999999999998403 0.1800000000007265 0
0.01999999999998161 0.1600000000006461 0
0.01999999999997919 0.1400000000005658 0
0.01999999999997677 0.1200000000004851 0
0.01999999999997436 0.1000000000004042 0
0.01999999999997194 0.08000000000032315 0
0.01999999999996951 0.0600000000002423 0
0.0199999999999671 0.04000000000016156 0
0.01999999999996468 0.02000000000008076 0
$EndNodes
$Elements
5 5200 1 5200
1 1 1 50
1 1 5 
2 5 6 
3 6 7 
4 7 8 
5 8 9 
6 9 10 
7 10 11 
8 11 12 
9 12 13 
10 13 14 
11 14 15 
12 15 16 
13 16 17 
14 17 18 
15 18 19 
16 19 20 
17 20 21 
18 21 22 
19 22 23 
20 23 24 
21 24 25 
22 25 26 
23 26 27 
24 27 28 
25 28 29 
26 29 30 
27 30 31 
28 31 32 
29 32 33 
30 33 34 
31 34 35 
32 35 36 
33 36 37 
34 37 38 
35 38 39 
36 39 40 
37 40 41 
38 41 42 
39 42 43 
40 43 44 
41 44 45 
42 45 46 
43 46 47 
44 47 48 
45 48 49 
46 49 50 
47 50 51 
48 51 52 
49 52 53 
50 53 2 
1 2 1 50
51 2 54 
52 54 55 
53 55 56 
54 56 57 
55 57 58 
56 58 59 
57 59 60 
58 60 61 
59 61 62 
60 62 63 
61 63 64 
62 64 65 
63 65 66 
64 66 67 
65 67 68 
66 68 69 
67 69 70 
68 70 71 
69 71 72 
70 72 73 
71 73 74 
72 74 75 
73 75 76 
74 76 77 
75 77 78 
76 78 79 
77 79 80 
78 80 81 
79 81 82 
80 82 83 
81 83 84 
82 84 85 
83 85 86 
84 86 87 
85 87 88 
86 88 89 
87 89 90 
88 90 91 
89 91 92 
90 92 93 
91 93 94 
92 94 95 
93 95 96 
94 96 97 
95 97 98 
96 98 99 
97 99 100 
98 100 101 
99 101 102 
100 102 3 
1 3 1 50
101 3 103 
102 103 104 
103 104 105 
104 105 106 
105 106 107 
106 107 108 
107 108 109 
108 109 110 
109 110 111 
110 111 112 
111 112 113 
112 113 114 
113 114 115 
114 115 116 
115 116 117 
116 117 118 
117 118 119 
118 119 120 
119 120 121 
120 121 122 
121 122 123 
122 123 124 
123 124 125 
124 125 126 
125 126 127 
126 127 128 
127 128 129 
128 129 130 
129 130 131 
130 131 132 
131 132 133 
132 133 134 
133 134 135 
134 135 136 
135 136 137 
136 137 138 
137 138 139 
138 139 140 
139 140 141 
140 141 142 
141 142 143 
142 143 144 
143 144 145 
144 145 146 
145 146 147 
146 147 148 
147 148 149 
148 149 150 
149 150 151 
150 151 4 
1 4 1 50
151 4 152 
152 152 153 
153 153 154 
154 154 155 
155 155 156 
156 156 157 
157 157 158 
158 158 159 
159 159 160 
160 160 161 
161 161 162 
162 162 163 
163 163 164 
164 164 165 
165 165 166 
166 166 167 
167 167 168 
168 168 169 
169 169 170 
170 170 171 
171 171 172 
172 172 173 
173 173 174 
174 174 175 
175 175 176 
176 176 177 
177 177 178 
178 178 179 
179 179 180 
180 180 181 
181 181 182 
182 182 183 
183 183 184 
184 184 185 
185 185 186 
186 186 187 
187 187 188 
188 188 189 
189 189 190 
190 190 191 
191 191 192 
192 192 193 
193 193 194 
194 194 195 
195 195 196 
196 196 197 
197 197 198 
198 198 199 
199 199 200 
200 200 1 
2 1 2 5000
201 3 103 102 
202 102 103 201 
203 102 201 101 
204 101 201 202 
205 101 202 100 
206 100 202 203 
207 100 203 99 
208 99 203 204 
209 99 204 98 
210 98 204 205 
211 98 205 97 
212 97 205 206 
213 97 206 96 
214 96 206 207 
215 96 207 95 
216 95 207 208 
217 95 208 94 
218 94 208 209 
219 94 209 93 
220 93 209 210 
221 93 210 92 
222 92 210 211 
223 92 211 91 
224 91 211 212 
225 91 212 90 
226 90 212 213 
227 90 213 89 
228 89 213 214 
229 89 214 88 
230 88 214 215 
231 88 215 87 
232 87 215 216 
233 87 216 86 
234 86 216 217 
235 86 217 85 
236 85 217 218 
237 85 218 84 
238 84 218 219 
239 84 219 83 
240 83 219 220 
241 83 220 82 
242 82 220 221 
243 82 221 81 
244 81 221 222 
245 81 222 80 
246 80 222 223 
247 80 223 79 
248 79 223 224 
249 79 224 78 
250 78 224 225 
251 78 225 77 
252 77 225 226 
253 77 226 76 
254 76 226 227 
255 76 227 75 
256 75 227 228 
257 75 228 74 
258 74 228 229 
259 74 229 73 
260 73 229 230 
261 73 230 72 
262 72 230 231 
263 72 231 71 
264 71 231 232 
265 71 232 70 
266 70 232 233 
267 70 233 69 
268 69 233 234 
269 69 234 68 
270 68 234 235 
271 68 235 67 
272 67 235 236 
273 67 236 66 
274 66 236 237 
275 66 237 65 
276 65 237 238 
277 65 238 64 
278 64 238 239 
279 64 239 63 
280 63 239 240 
281 63 240 62 
282 62 240 241 
283 62 241 61 
284 61 241 242 
285 61 242 60 
286 60 242 243 
287 60 243 59 
288 59 243 244 
289 59 244 58 
290 58 244 245 
291 58 245 57 
292 57 245 246 
293 57 246 56 
294 56 246 247 
295 56 247 55 
296 55 247 248 
297 55 248 54 
298 54 248 249 
299 54 249 2 
300 2 249 53 
301 103 104 201 
302 201 104 250 
303 201 250 202 
304 202 250 251 
305 202 251 203 
306 203 251 252 
307 203 252 204 
308 204 252 253 
309 204 253 205 
310 205 253 254 
311 205 254 206 
312 206 254 255 
313 206 255 207 
314 207 255 256 
315 207 256 208 
316 208 256 257 
317 208 257 209 
318 209 257 258 
319 209 258 210 
320 210 258 259 
321 210 259 211 
322 211 259 260 
323 211 260 212 
324 212 260 261 
325 212 261 213 
326 213 261 262 
327 213 262 214 
328 214 262 263 
329 214 263 215 
330 215 263 264 
331 215 264 216 
332 216 264 265 
333 216 265 217 
334 217 265 266 
335 217 266 218 
336 218 266 267 
337 218 267 219 
338 219 267 268 
339 219 268 220 
340 220 268 269 
341 220 269 221 
342 221 269 270 
343 221 270 222 
344 222 270 271 
345 222 271 223 
346 223 271 272 
347 223 272 224 
348 224 272 273 
349 224 273 225 
350 225 273 274 
351 225 274 226 
352 226 274 275 
353 226 275 227 
354 227 275 276 
355 227 276 228 
356 228 276 277 
357 228 277 229 
358 229 277 278 
359 229 278 230 
360 230 278 279 
361 230 279 231 
362 231 279 280 
363 231 280 232 
364 232 280 281 
365 232 281 233 
366 233 281 282 
367 233 282 234 
368 234 282 283 
369 234 283 235 
370 235 283 284 
371 235 284 236 
372 236 284 285 
373 236 285 237 
374 237 285 286 
375 237 286 238 
376 238 286 287 
377 238 287 239 
378 239 287 288 
379 239 288 240 
380 240 288 289 
381 240 289 241 
382 241 289 290 
383 241 290 242 
384 242 290 291 
385 242 291 243 
386 243 291 292 
387 243 292 244 
388 244 292 293 
389 244 293 245 
390 245 293 294 
391 245 294 246 
392 246 294 295 
393 246 295 247 
394 247 295 296 
395 247 296 248 
396 248 296 297 
397 248 297 249 
398 249 297 298 
399 249 298 53 
400 53 298 52 
401 104 105 250 
402 250 105 299 
403 250 299 251 
404 251 299 300 
405 251 300 252 
406 252 300 301 
407 252 301 253 
408 253 301 302 
409 253 302 254 
410 254 302 303 
411 254 303 255 
412 255 303 304 
413 255 304 256 
414 256 304 305 
415 256 305 257 
416 257 305 306 
417 257 306 258 
418 258 306 307 
419 258 307 259 
420 259 307 308 
421 259 308 260 
422 260 308 309 
423 260 309 261 
424 261 309 310 
425 261 310 262 
426 262 310 311 
427 262 311 263 
428 263 311 312 
429 263 312 264 
430 264 312 313 
431 264 313 265 
432 265 313 314 
433 265 314 266 
434 266 314 315 
435 266 315 267 
436 267 315 316 
437 267 316 268 
438 268 316 317 
439 268 317 269 
440 269 317 318 
441 269 318 270 
442 270 318 319 
443 270 319 271 
444 271 319 320 
445 271 320 272 
446 272 320 321 
447 272 321 273 
448 273 321 322 
449 273 322 274 
450 274 322 323 
451 274 323 275 
452 275 323 324 
453 275 324 276 
454 276 324 325 
455 276 325 277 
456 277 325 326 
457 277 326 278 
458 278 326 327 
459 278 327 279 
460 279 327 328 
461 279 328 280 
462 280 328 329 
463 280 329 281 
464 281 329 330 
465 281 330 282 
466 282 330 331 
467 282 331 283 
468 283 331 332 
469 283 332 284 
470 284 332 333 
471 284 333 285 
472 285 333 334 
473 285 334 286 
474 286 334 335 
475 286 335 287 
476 287 335 336 
477 287 336 288 
478 288 336 337 
479 288 337 289 
480 289 337 338 
481 289 338 290 
482 290 338 339 
483 290 339 291 
484 291 339 340 
485 291 340 292 
486 292 340 341 
487 292 341 293 
488 293 341 342 
489 293 342 294 
490 294 342 343 
491 294 343 295 
492 295 343 344 
493 295 344 296 
494 296 344 345 
495 296 345 297 
496 297 345 346 
497 297 346 298 
498 298 346 347 
499 298 347 52 
500 52 347 51 
501 105 106 299 
502 299 106 348 
503 299 348 300 
504 300 348 349 
505 300 349 301 
506 301 349 350 
507 301 350 302 
508 302 350 351 
509 302 351 303 
510 303 351 352 
511 303 352 304 
512 304 352 353 
513 304 353 305 
514 305 353 354 
515 305 354 306 
516 306 354 355 
517 306 355 307 
518 307 355 356 
519 307 356 308 
520 308 356 357 
521 308 357 309 
522 309 357 358 
523 309 358 310 
524 310 358 359 
525 310 359 311 
526 311 359 360 
527 311 360 312 
528 312 360 361 
529 312 361 313 
530 313 361 362 
531 313 362 314 
532 314 362 363 
533 314 363 315 
534 315 363 364 
535 315 364 316 
536 316 364 365 
537 316 365 317 
538 317 365 366 
539 317 366 318 
540 318 366 367 
541 318 367 319 
542 319 367 368 
543 319 368 320 
544 320 368 369 
545 320 369 321 
546 321 369 370 
547 321 370 322 
548 322 370 371 
549 322 371 323 
550 323 371 372 
551 323 372 324 
552 324 372 373 
553 324 373 325 
554 325 373 374 
555 325 374 326 
556 326 374 375 
557 326 375 327 
558 327 375 376 
559 327 376 328 
560 328 376 377 
561 328 377 329 
562 329 377 378 
563 329 378 330 
564 330 378 379 
565 330 379 331 
566 331 379 380 
567 331 380 332 
568 332 380 381 
569 332 381 333 
570 333 381 382 
571 333 382 334 
572 334 382 383 
573 334 383 335 
574 335 383 384 
575 335 384 336 
576 336 384 385 
577 336 385 337 
578 337 385 386 
579 337 386 338 
580 338 386 387 
581 338 387 339 
582 339 387 388 
583 339 388 340 
584 340 388 389 
585 340 389 341 
586 341 389 390 
587 341 390 342 
588 342 390 391 
589 342 391 343 
590 343 391 392 
591 343 392 344 
592 344 392 393 
593 344 393 345 
594 345 393 394 
595 345 394 346 
596 346 394 395 
597 346 395 347 
598 347 395 396 
599 347 396 51 
600 51 396 50 
601 106 107 348 
602 348 107 397 
603 348 397 349 
604 349 397 398 
605 349 398 350 
606 350 398 399 
607 350 399 351 
608 351 399 400 
609 351 400 352 
610 352 400 401 
611 352 401 353 
612 353 401 402 
613 353 402 354 
614 354 402 403 
615 354 403 355 
616 355 403 404 
617 355 404 356 
618 356 404 405 
619 356 405 357 
620 357 405 406 
621 357 406 358 
622 358 406 407 
623 358 407 359 
624 359 407 408 
625 359 408 360 
626 360 408 409 
627 360 409 361 
628 361 409 410 
629 361 410 362 
630 362 410 411 
631 362 411 363 
632 363 411 412 
633 363 412 364 
634 364 412 413 
635 364 413 365 
636 365 413 414 
637 365 414 366 
638 366 414 415 
639 366 415 367 
640 367 415 416 
641 367 416 368 
642 368 416 417 
643 368 417 369 
644 369 417 418 
645 369 418 370 
646 370 418 419 
647 370 419 371 
648 371 419 420 
649 371 420 372 
650 372 420 421 
651 372 421 373 
652 373 421 422 
653 373 422 374 
654 374 422 423 
655 374 423 375 
656 375 423 424 
657 375 424 376 
658 376 424 425 
659 376 425 377 
660 377 425 426 
661 377 426 378 
662 378 426 427 
663 378 427 379 
664 379 427 428 
665 379 428 380 
666 380 428 429 
667 380 429 381 
668 381 429 430 
669 381 430 382 
670 382 430 431 
671 382 431 383 
672 383 431 432 
673 383 432 384 
674 384 432 433 
675 384 433 385 
676 385 433 434 
677 385 434 386 
678 386 434 435 
679 386 435 387 
680 387 435 436 
681 387 436 388 
682 388 436 437 
683 388 437 389 
684 389 437 438 
685 389 438 390 
686 390 438 439 
687 390 439 391 
688 391 439 440 
689 391 440 392 
690 392 440 441 
691 392 441 393 
692 393 441 442 
693 393 442 394 
694 394 442 443 
695 394 443 395 
696 395 443 444 
697 395 444 396 
698 396 444 445 
699 396 445 50 
700 50 445 49 
701 107 108 397 
702 397 108 446 
703 397 446 398 
704 398 446 447 
705 398 447 399 
706 399 447 448 
707 399 448 400 
708 400 448 449 
709 400 449 401 
710 401 449 450 
711 401 450 402 
712 402 450 451 
713 402 451 403 
714 403 451 452 
715 403 452 404 
716 404 452 453 
717 404 453 405 
718 405 453 454 
719 405 454 406 
720 406 454 455 
721 406 455 407 
722 407 455 456 
723 407 456 408 
724 408 456 457 
725 408 457 409 
726 409 457 458 
727 409 458 410 
728 410 458 459 
729 410 459 411 
730 411 459 460 
731 411 460 412 
732 412 460 461 
733 412 461 413 
734 413 461 462 
735 413 462 414 
736 414 462 463 
737 414 463 415 
738 415 463 464 
739 415 464 416 
740 416 464 465 
741 416 465 417 
742 417 465 466 
743 417 466 418 
744 418 466 467 
745 418 467 419 
746 419 467 468 
747 419 468 420 
748 420 468 469 
749 420 469 421 
750 421 469 470 
751 421 470 422 
752 422 470 471 
753 422 471 423 
754 423 471 472 
755 423 472 424 
756 424 472 473 
757 424 473 425 
758 425 473 474 
759 425 474 426 
760 426 474 475 
761 426 475 427 
762 427 475 476 
763 427 476 428 
764 428 476 477 
765 428 477 429 
766 429 477 478 
767 429 478 430 
768 430 478 479 
769 430 479 431 
770 431 479 480 
771 431 480 432 
772 432 480 481 
773 432 481 433 
774 433 481 482 
775 433 482 434 
776 434 482 483 
777 434 483 435 
778 435 483 484 
779 435 484 436 
780 436 484 485 
781 436 485 437 
782 437 485 486 
783 437 486 438 
784 438 486 487 
785 438 487 439 
786 439 487 488 
787 439 488 440 
788 440 488 489 
789 440 489 441 
790 441 489 490 
791 441 490 442 
792 442 490 491 
793 442 491 443 
794 443 491 492 
795 443 492 444 
796 444 492 493 
797 444 493 445 
798 445 493 494 
799 445 494 49 
800 49 494 48 
801 108 109 446 
802 446 109 495 
803 446 495 447 
804 447 495 496 
805 447 496 448 
806 448 496 497 
807 448 497 449 
808 449 497 498 
809 449 498 450 
810 450 498 499 
811 450 499 451 
812 451 499 500 
813 451 500 452 
814 452 500 501 
815 452 501 453 
816 453 501 502 
817 453 502 454 
818 454 502 503 
819 454 503 455 
820 455 503 504 
821 455 504 456 
822 456 504 505 
823 456 505 457 
824 457 505 506 
825 457 506 458 
826 458 506 507 
827 458 507 459 
828 459 507 508 
829 459 508 460 
830 460 508 509 
831 460 509 461 
832 461 509 510 
833 461 510 462 
834 462 510 511 
835 462 511 463 
836 463 511 512 
837 463 512 464 
838 464 512 513 
839 464 513 465 
840 465 513 514 
841 465 514 466 
842 466 514 515 
843 466 515 467 
844 467 515 516 
845 467 516 468 
846 468 516 517 
847 468 517 469 
848 469 517 518 
849 469 518 470 
850 470 518 519 
851 470 519 471 
852 471 519 520 
853 471 520 472 
854 472 520 521 
855 472 521 473 
856 473 521 522 
857 473 522 474 
858 474 522 523 
859 474 523 475 
860 475 523 524 
861 475 524 476 
862 476 524 525 
863 476 525 477 
864 477 525 526 
865 477 526 478 
866 478 526 527 
867 478 527 479 
868 479 527 528 
869 479 528 480 
870 480 528 529 
871 480 529 481 
872 481 529 530 
873 481 530 482 
874 482 530 531 
875 482 531 483 
876 483 531 532 
877 483 532 484 
878 484 532 533 
879 484 533 485 
880 485 533 534 
881 485 534 486 
882 486 534 535 
883 486 535 487 
884 487 535 536 
885 487 536 488 
886 488 536 537 
887 488 537 489 
888 489 537 538 
889 489 538 490 
890 490 538 539 
891 490 539 491 
892 491 539 540 
893 491 540 492 
894 492 540 541 
895 492 541 493 
896 493 541 542 
897 493 542 494 
898 494 542 543 
899 494 543 48 
900 48 543 47 
901 109 110 495 
902 495 110 544 
903 495 544 496 
904 496 544 545 
905 496 545 497 
906 497 545 546 
907 497 546 498 
908 498 546 547 
909 498 547 499 
910 499 547 548 
911 499 548 500 
912 500 548 549 
913 500 549 501 
914 501 549 550 
915 501 550 502 
916 502 550 551 
917 502 551 503 
918 503 551 552 
919 503 552 504 
920 504 552 553 
921 504 553 505 
922 505 553 554 
923 505 554 506 
924 506 554 555 
925 506 555 507 
926 507 555 556 
927 507 556 508 
928 508 556 557 
929 508 557 509 
930 509 557 558 
931 509 558 510 
932 510 558 559 
933 510 559 511 
934 511 559 560 
935 511 560 512 
936 512 560 561 
937 512 561 513 
938 513 561 562 
939 513 562 514 
940 514 562 563 
941 514 563 515 
942 515 563 564 
943 515 564 516 
944 516 564 565 
945 516 565 517 
946 517 565 566 
947 517 566 518 
948 518 566 567 
949 518 567 519 
950 519 567 568 
951 519 568 520 
952 520 568 569 
953 520 569 521 
954 521 569 570 
955 521 570 522 
956 522 570 571 
957 522 571 523 
958 523 571 572 
959 523 572 524 
960 524 572 573 
961 524 573 525 
962 525 573 574 
963 525 574 526 
964 526 574 575 
965 526 575 527 
966 527 575 576 
967 527 576 528 
968 528 576 577 
969 528 577 529 
970 529 577 578 
971 529 578 530 
972 530 578 579 
973 530 579 531 
974 531 579 580 
975 531 580 532 
976 532 580 581 
977 532 581 533 
978 533 581 582 
979 533 582 534 
980 534 582 583 
981 534 583 535 
982 535 583 584 
983 535 584 536 
984 536 584 585 
985 536 585 537 
986 537 585 586 
987 537 586 538 
988 538 586 587 
989 538 587 539 
990 539 587 588 
991 539 588 540 
992 540 588 589 
993 540 589 541 
994 541 589 590 
995 541 590 542 
996 542 590 591 
997 542 591 543 
998 543 591 592 
999 543 592 47 
1000 47 592 46 
1001 110 111 544 
1002 544 111 593 
1003 544 593 545 
1004 545 593 594 
1005 545 594 546 
1006 546 594 595 
1007 546 595 547 
1008 547 595 596 
1009 547 596 548 
1010 548 596 597 
1011 548 597 549 
1012 549 597 598 
1013 549 598 550 
1014 550 598 599 
1015 550 599 551 
1016 551 599 600 
1017 551 600 552 
1018 552 600 601 
1019 552 601 553 
1020 553 601 602 
1021 553 602 554 
1022 554 602 603 
1023 554 603 555 
1024 555 603 604 
1025 555 604 556 
1026 556 604 605 
1027 556 605 557 
1028 557 605 606 
1029 557 606 558 
1030 558 606 607 
1031 558 607 559 
1032 559 607 608 
1033 559 608 560 
1034 560 608 609 
1035 560 609 561 
1036 561 609 610 
1037 561 610 562 
1038 562 610 611 
1039 562 611 563 
1040 563 611 612 
1041 563 612 564 
1042 564 612 613 
1043 564 613 565 
1044 565 613 614 
1045 565 614 566 
1046 566 614 615 
1047 566 615 567 
1048 567 615 616 
1049 567 616 568 
1050 568 616 617 
1051 568 617 569 
1052 569 617 618 
1053 569 618 570 
1054 570 618 619 
1055 570 619 571 
1056 571 619 620 
1057 571 620 572 
1058 572 620 621 
1059 572 621 573 
1060 573 621 622 
1061 573 622 574 
1062 574 622 623 
1063 574 623 575 
1064 575 623 624 
1065 575 624 576 
1066 576 624 625 
1067 576 625 577 
1068 577 625 626 
1069 577 626 578 
1070 578 626 627 
1071 578 627 579 
1072 579 627 628 
1073 579 628 580 
1074 580 628 629 
1075 580 629 581 
1076 581 629 630 
1077 581 630 582 
1078 582 630 631 
1079 582 631 583 
1080 583 631 632 
1081 583 632 584 
1082 584 632 633 
1083 584 633 585 
1084 585 633 634 
1085 585 634 586 
1086 586 634 635 
1087 586 635 587 
1088 587 635 636 
1089 587 636 588 
1090 588 636 637 
1091 588 637 589 
1092 589 637 638 
1093 589 638 590 
1094 590 638 639 
1095 590 639 591 
1096 591 639 640 
1097 591 640 592 
1098 592 640 641 
1099 592 641 46 
1100 46 641 45 
1101 111 112 593 
1102 593 112 642 
1103 593 642 594 
1104 594 642 643 
1105 594 643 595 
1106 595 643 644 
1107 595 644 596 
1108 596 644 645 
1109 596 645 597 
1110 597 645 646 
1111 597 646 598 
1112 598 646 647 
1113 598 647 599 
1114 599 647 648 
1115 599 648 600 
1116 600 648 649 
1117 600 649 601 
1118 601 649 650 
1119 601 650 602 
1120 602 650 651 
1121 602 651 603 
1122 603 651 652 
1123 603 652 604 
1124 604 652 653 
1125 604 653 605 
1126 605 653 654 
1127 605 654 606 
1128 606 654 655 
1129 606 655 607 
1130 607 655 656 
1131 607 656 608 
1132 608 656 657 
1133 608 657 609 
1134 609 657 658 
1135 609 658 610 
1136 610 658 659 
1137 610 659 611 
1138 611 659 660 
1139 611 660 612 
1140 612 660 661 
1141 612 661 613 
1142 613 661 662 
1143 613 662 614 
1144 614 662 663 
1145 614 663 615 
1146 615 663 664 
1147 615 664 616 
1148 616 664 665 
1149 616 665 617 
1150 617 665 666 
1151 617 666 618 
1152 618 666 667 
1153 618 667 619 
1154 619 667 668 
1155 619 668 620 
1156 620 668 669 
1157 620 669 621 
1158 621 669 670 
1159 621 670 622 
1160 622 670 671 
1161 622 671 623 
1162 623 671 672 
1163 623 672 624 
1164 624 672 673 
1165 624 673 625 
1166 625 673 674 
1167 625 674 626 
1168 626 674 675 
1169 626 675 627 
1170 627 675 676 
1171 627 676 628 
1172 628 676 677 
1173 628 677 629 
1174 629 677 678 
1175 629 678 630 
1176 630 678 679 
1177 630 679 631 
1178 631 679 680 
1179 631 680 632 
1180 632 680 681 
1181 632 681 633 
1182 633 681 682 
1183 633 682 634 
1184 634 682 683 
1185 634 683 635 
1186 635 683 684 
1187 635 684 636 
1188 636 684 685 
1189 636 685 637 
1190 637 685 686 
1191 637 686 638 
1192 638 686 687 
1193 638 687 639 
1194 639 687 688 
1195 639 688 640 
1196 640 688 689 
1197 640 689 641 
1198 641 689 690 
1199 641 690 45 
1200 45 690 44 
1201 112 113 642 
1202 642 113 691 
1203 642 691 643 
1204 643 691 692 
1205 643 692 644 
1206 644 692 693 
1207 644 693 645 
1208 645 693 694 
1209 645 694 646 
1210 646 694 695 
1211 646 695 647 
1212 647 695 696 
1213 647 696 648 
1214 648 696 697 
1215 648 697 649 
1216 649 697 698 
1217 649 698 650 
1218 650 698 699 
1219 650 699 651 
1220 651 699 700 
1221 651 700 652 
1222 652 700 701 
1223 652 701 653 
1224 653 701 702 
1225 653 702 654 
1226 654 702 703 
1227 654 703 655 
1228 655 703 704 
1229 655 704 656 
1230 656 704 705 
1231 656 705 657 
1232 657 705 706 
1233 657 706 658 
1234 658 706 707 
1235 658 707 659 
1236 659 707 708 
1237 659 708 660 
1238 660 708 709 
1239 660 709 661 
1240 661 709 710 
1241 661 710 662 
1242 662 710 711 
1243 662 711 663 
1244 663 711 712 
1245 663 712 664 
1246 664 712 713 
1247 664 713 665 
1248 665 713 714 
1249 665 714 666 
1250 666 714 715 
1251 666 715 667 
1252 667 715 716 
1253 667 716 668 
1254 668 716 717 
1255 668 717 669 
1256 669 717 718 
1257 669 718 670 
1258 670 718 719 
1259 670 719 671 
1260 671 719 720 
1261 671 720 672 
1262 672 720 721 
1263 672 721 673 
1264 673 721 722 
1265 673 722 674 
1266 674 722 723 
1267 674 723 675 
1268 675 723 724 
1269 675 724 676 
1270 676 724 725 
1271 676 725 677 
1272 677 725 726 
1273 677 726 678 
1274 678 726 727 
1275 678 727 679 
1276 679 727 728 
1277 679 728 680 
1278 680 728 729 
1279 680 729 681 
1280 681 729 730 
1281 681 730 682 
1282 682 730 731 
1283 682 731 683 
1284 683 731 732 
1285 683 732 684 
1286 684 732 733 
1287 684 733 685 
1288 685 733 734 
1289 685 734 686 
1290 686 734 735 
1291 686 735 687 
1292 687 735 736 
1293 687 736 688 
1294 688 736 737 
1295 688 737 689 
1296 689 737 738 
1297 689 738 690 
1298 690 738 739 
1299 690 739 44 
1300 44 739 43 
1301 113 114 691 
1302 691 114 740 
1303 691 740 692 
1304 692 740 741 
1305 692 741 693 
1306 693 741 742 
1307 693 742 694 
1308 694 742 743 
1309 694 743 695 
1310 695 743 744 
1311 695 744 696 
1312 696 744 745 
1313 696 745 697 
1314 697 745 746 
1315 697 746 698 
1316 698 746 747 
1317 698 747 699 
1318 699 747 748 
1319 699 748 700 
1320 700 748 749 
1321 700 749 701 
1322 701 749 750 
1323 701 750 702 
1324 702 750 751 
1325 702 751 703 
1326 703 751 752 
1327 703 752 704 
1328 704 752 753 
1329 704 753 705 
1330 705 753 754 
1331 705 754 706 
1332 706 754 755 
1333 706 755 707 
1334 707 755 756 
1335 707 756 708 
1336 708 756 757 
1337 708 757 709 
1338 709 757 758 
1339 709 758 710 
1340 710 758 759 
1341 710 759 711 
1342 711 759 760 
1343 711 760 712 
1344 712 760 761 
1345 712 761 713 
1346 713 761 762 
1347 713 762 714 
1348 714 762 763 
1349 714 763 715 
1350 715 763 764 
1351 715 764 716 
1352 716 764 765 
1353 716 765 717 
1354 717 765 766 
1355 717 766 718 
1356 718 766 767 
1357 718 767 719 
1358 719 767 768 
1359 719 768 720 
1360 720 768 769 
1361 720 769 721 
1362 721 769 770 
1363 721 770 722 
1364 722 770 771 
1365 722 771 723 
1366 723 771 772 
1367 723 772 724 
1368 724 772 773 
1369 724 773 725 
1370 725 773 774 
1371 725 774 726 
1372 726 774 775 
1373 726 775 727 
1374 727 775 776 
1375 727 776 728 
1376 728 776 777 
1377 728 777 729 
1378 729 777 778 
1379 729 778 730 
1380 730 778 779 
1381 730 779 731 
1382 731 779 780 
1383 731 780 732 
1384 732 780 781 
1385 732 781 733 
1386 733 781 782 
1387 733 782 734 
1388 734 782 783 
1389 734 783 735 
1390 735 783 784 
1391 735 784 736 
1392 736 784 785 
1393 736 785 737 
1394 737 785 786 
1395 737 786 738 
1396 738 786 787 
1397 738 787 739 
1398 739 787 788 
1399 739 788 43 
1400 43 788 42 
1401 114 115 740 
1402 740 115 789 
1403 740 789 741 
1404 741 789 790 
1405 741 790 742 
1406 742 790 791 
1407 742 791 743 
1408 743 791 792 
1409 743 792 744 
1410 744 792 793 
1411 744 793 745 
1412 745 793 794 
1413 745 794 746 
1414 746 794 795 
1415 746 795 747 
1416 747 795 796 
1417 747 796 748 
1418 748 796 797 
1419 748 797 749 
1420 749 797 798 
1421 749 798 750 
1422 750 798 799 
1423 750 799 751 
1424 751 799 800 
1425 751 800 752 
1426 752 800 801 
1427 752 801 753 
1428 753 801 802 
1429 753 802 754 
1430 754 802 803 
1431 754 803 755 
1432 755 803 804 
1433 755 804 756 
1434 756 804 805 
1435 756 805 757 
1436 757 805 806 
1437 757 806 758 
1438 758 806 807 
1439 758 807 759 
1440 759 807 808 
1441 759 808 760 
1442 760 808 809 
1443 760 809 761 
1444 761 809 810 
1445 761 810 762 
1446 762 810 811 
1447 762 811 763 
1448 763 811 812 
1449 763 812 764 
1450 764 812 813 
1451 764 813 765 
1452 765 813 814 
1453 765 814 766 
1454 766 814 815 
1455 766 815 767 
1456 767 815 816 
1457 767 816 768 
1458 768 816 817 
1459 768 817 769 
1460 769 817 818 
1461 769 818 770 
1462 770 818 819 
1463 770 819 771 
1464 771 819 820 
1465 771 820 772 
1466 772 820 821 
1467 772 821 773 
1468 773 821 822 
1469 773 822 774 
1470 774 822 823 
1471 774 823 775 
1472 775 823 824 
1473 775 824 776 
1474 776 824 825 
1475 776 825 777 
1476 777 825 826 
1477 777 826 778 
1478 778 826 827 
1479 778 827 779 
1480 779 827 828 
1481 779 828 780 
1482 780 828 829 
1483 780 829 781 
1484 781 829 830 
1485 781 830 782 
1486 782 830 831 
1487 782 831 783 
1488 783 831 832 
1489 783 832 784 
1490 784 832 833 
1491 784 833 785 
1492 785 833 834 
1493 785 834 786 
1494 786 834 835 
1495 786 835 787 
1496 787 835 836 
1497 787 836 788 
1498 788 836 837 
1499 788 837 42 
1500 42 837 41 
1501 115 116 789 
1502 789 116 838 
1503 789 838 790 
1504 790 838 839 
1505 790 839 791 
1506 791 839 840 
1507 791 840 792 
1508 792 840 841 
1509 792 841 793 
1510 793 841 842 
1511 793 842 794 
1512 794 842 843 
1513 794 843 795 
1514 795 843 844 
1515 795 844 796 
1516 796 844 845 
1517 796 845 797 
1518 797 845 846 
1519 797 846 798 
1520 798 846 847 
1521 798 847 799 
1522 799 847 848 
1523 799 848 800 
1524 800 848 849 
1525 800 849 801 
1526 801 849 850 
1527 801 850 802 
1528 802 850 851 
1529 802 851 803 
1530 803 851 852 
1531 803 852 804 
1532 804 852 853 
1533 804 853 805 
1534 805 853 854 
1535 805 854 806 
1536 806 854 855 
1537 806 855 807 
1538 807 855 856 
1539 807 856 808 
1540 808 856 857 
1541 808 857 809 
1542 809 857 858 
1543 809 858 810 
1544 810 858 859 
1545 810 859 811 
1546 811 859 860 
1547 811 860 812 
1548 812 860 861 
1549 812 861 813 
1550 813 861 862 
1551 813 862 814 
1552 814 862 863 
1553 814 863 815 
1554 815 863 864 
1555 815 864 816 
1556 816 864 865 
1557 816 865 817 
1558 817 865 866 
1559 817 866 818 
1560 818 866 867 
1561 818 867 819 
1562 819 867 868 
1563 819 868 820 
1564 820 868 869 
1565 820 869 821 
1566 821 869 870 
1567 821 870 822 
1568 822 870 871 
1569 822 871 823 
1570 823 871 872 
1571 823 872 824 
1572 824 872 873 
1573 824 873 825 
1574 825 873 874 
1575 825 874 826 
1576 826 874 875 
1577 826 875 827 
1578 827 875 876 
1579 827 876 828 
1580 828 876 877 
1581 828 877 829 
1582 829 877 878 
1583 829 878 830 
1584 830 878 879 
1585 830 879 831 
1586 831 879 880 
1587 831 880 832 
1588 832 880 881 
1589 832 881 833 
1590 833 881 882 
1591 833 882 834 
1592 834 882 883 
1593 834 883 835 
1594 835 883 884 
1595 835 884 836 
1596 836 884 885 
1597 836 885 837 
1598 837 885 886 
1599 837 886 41 
1600 41 886 40 
1601 116 117 838 
1602 838 117 887 
1603 838 887 839 
1604 839 887 888 
1605 839 888 840 
1606 840 888 889 
1607 840 889 841 
1608 841 889 890 
1609 841 890 842 
1610 842 890 891 
1611 842 891 843 
1612 843 891 892 
1613 843 892 844 
1614 844 892 893 
1615 844 893 845 
1616 845 893 894 
1617 845 894 846 
1618 846 894 895 
1619 846 895 847 
1620 847 895 896 
1621 847 896 848 
1622 848 896 897 
1623 848 897 849 
1624 849 897 898 
1625 849 898 850 
1626 850 898 899 
1627 850 899 851 
1628 851 899 900 
1629 851 900 852 
1630 852 900 901 
1631 852 901 853 
1632 853 901 902 
1633 853 902 854 
1634 854 902 903 
1635 854 903 855 
1636 855 903 904 
1637 855 904 856 
1638 856 904 905 
1639 856 905 857 
1640 857 905 906 
1641 857 906 858 
1642 858 906 907 
1643 858 907 859 
1644 859 907 908 
1645 859 908 860 
1646 860 908 909 
1647 860 909 861 
1648 861 909 910 
1649 861 910 862 
1650 862 910 911 
1651 862 911 863 
1652 863 911 912 
1653 863 912 864 
1654 864 912 913 
1655 864 913 865 
1656 865 913 914 
1657 865 914 866 
1658 866 914 915 
1659 866 915 867 
1660 867 915 916 
1661 867 916 868 
1662 868 916 917 
1663 868 917 869 
1664 869 917 918 
1665 869 918 870 
1666 870 918 919 
1667 870 919 871 
1668 871 919 920 
1669 871 920 872 
1670 872 920 921 
1671 872 921 873 
1672 873 921 922 
1673 873 922 874 
1674 874 922 923 
1675 874 923 875 
1676 875 923 924 
1677 875 924 876 
1678 876 924 925 
1679 876 925 877 
1680 877 925 926 
1681 877 926 878 
1682 878 926 927 
1683 878 927 879 
1684 879 927 928 
1685 879 928 880 
1686 880 928 929 
1687 880 929 881 
1688 881 929 930 
1689 881 930 882 
1690 882 930 931 
1691 882 931 883 
1692 883 931 932 
1693 883 932 884 
1694 884 932 933 
1695 884 933 885 
1696 885 933 934 
1697 885 934 886 
1698 886 934 935 
1699 886 935 40 
1700 40 935 39 
1701 117 118 887 
1702 887 118 936 
1703 887 936 888 
1704 888 936 937 
1705 888 937 889 
1706 889 937 938 
1707 889 938 890 
1708 890 938 939 
1709 890 939 891 
1710 891 939 940 
1711 891 940 892 
1712 892 940 941 
1713 892 941 893 
1714 893 941 942 
1715 893 942 894 
1716 894 942 943 
1717 894 943 895 
1718 895 943 944 
1719 895 944 896 
1720 896 944 945 
1721 896 945 897 
1722 897 945 946 
1723 897 946 898 
1724 898 946 947 
1725 898 947 899 
1726 899 947 948 
1727 899 948 900 
1728 900 948 949 
1729 900 949 901 
1730 901 949 950 
1731 901 950 902 
1732 902 950 951 
1733 902 951 903 
1734 903 951 952 
1735 903 952 904 
1736 904 952 953 
1737 904 953 905 
1738 905 953 954 
1739 905 954 906 
1740 906 954 955 
1741 906 955 907 
1742 907 955 956 
1743 907 956 908 
1744 908 956 957 
1745 908 957 909 
1746 909 957 958 
1747 909 958 910 
1748 910 958 959 
1749 910 959 911 
1750 911 959 960 
1751 911 960 912 
1752 912 960 961 
1753 912 961 913 
1754 913 961 962 
1755 913 962 914 
1756 914 962 963 
1757 914 963 915 
1758 915 963 964 
1759 915 964 916 
1760 916 964 965 
1761 916 965 917 
1762 917 965 966 
1763 917 966 918 
1764 918 966 967 
1765 918 967 919 
1766 919 967 968 
1767 919 968 920 
1768 920 968 969 
1769 920 969 921 
1770 921 969 970 
1771 921 970 922 
1772 922 970 971 
1773 922 971 923 
1774 923 971 972 
1775 923 972 924 
1776 924 972 973 
1777 924 973 925 
1778 925 973 974 
1779 925 974 926 
1780 926 974 975 
1781 926 975 927 
1782 927 975 976 
1783 927 976 928 
1784 928 976 977 
1785 928 977 929 
1786 929 977 978 
1787 929 978 930 
1788 930 978 979 
1789 930 979 931 
1790 931 979 980 
1791 931 980 932 
1792 932 980 981 
1793 932 981 933 
1794 933 981 982 
1795 933 982 934 
1796 934 982 983 
1797 934 983 935 
1798 935 983 984 
1799 935 984 39 
1800 39 984 38 
1801 118 119 936 
1802 936 119 985 
1803 936 985 937 
1804 937 985 986 
1805 937 986 938 
1806 938 986 987 
1807 938 987 939 
1808 939 987 988 
1809 939 988 940 
1810 940 988 989 
1811 940 989 941 
1812 941 989 990 
1813 941 990 942 
1814 942 990 991 
1815 942 991 943 
1816 943 991 992 
1817 943 992 944 
1818 944 992 993 
1819 944 993 945 
1820 945 993 994 
1821 945 994 946 
1822 946 994 995 
1823 946 995 947 
1824 947 995 996 
1825 947 996 948 
1826 948 996 997 
1827 948 997 949 
1828 949 997 998 
1829 949 998 950 
1830 950 998 999 
1831 950 999 951 
1832 951 999 1000 
1833 951 1000 952 
1834 952 1000 1001 
1835 952 1001 953 
1836 953 1001 1002 
1837 953 1002 954 
1838 954 1002 1003 
1839 954 1003 955 
1840 955 1003 1004 
1841 955 1004 956 
1842 956 1004 1005 
1843 956 1005 957 
1844 957 1005 1006 
1845 957 1006 958 
1846 958 1006 1007 
1847 958 1007 959 
1848 959 1007 1008 
1849 959 1008 960 
1850 960 1008 1009 
1851 960 1009 961 
1852 961 1009 1010 
1853 961 1010 962 
1854 962 1010 1011 
1855 962 1011 963 
1856 963 1011 1012 
1857 963 1012 964 
1858 964 1012 1013 
1859 964 1013 965 
1860 965 1013 1014 
1861 965 1014 966 
1862 966 1014 1015 
1863 966 1015 967 
1864 967 1015 1016 
1865 967 1016 968 
1866 968 1016 1017 
1867 968 1017 969 
1868 969 1017 1018 
1869 969 1018 970 
1870 970 1018 1019 
1871 970 1019 971 
1872 971 1019 1020 
1873 971 1020 972 
1874 972 1020 1021 
1875 972 1021 973 
1876 973 1021 1022 
1877 973 1022 974 
1878 974 1022 1023 
1879 974 1023 975 
1880 975 1023 1024 
1881 975 1024 976 
1882 976 1024 1025 
1883 976 1025 977 
1884 977 1025 1026 
1885 977 1026 978 
1886 978 1026 1027 
1887 978 1027 979 
1888 979 1027 1028 
1889 979 1028 980 
1890 980 1028 1029 
1891 980 1029 981 
1892 981 1029 1030 
1893 981 1030 982 
1894 982 1030 1031 
1895 982 1031 983 
1896 983 1031 1032 
1897 983 1032 984 
1898 984 1032 1033 
1899 984 1033 38 
1900 38 1033 37 
1901 119 120 985 
1902 985 120 1034 
1903 985 1034 986 
1904 986 1034 1035 
1905 986 1035 987 
1906 987 1035 1036 
1907 987 1036 988 
1908 988 1036 1037 
1909 988 1037 989 
1910 989 1037 1038 
1911 989 1038 990 
1912 990 1038 1039 
1913 990 1039 991 
1914 991 1039 1040 
1915 991 1040 992 
1916 992 1040 1041 
1917 992 1041 993 
1918 993 1041 1042 
1919 993 1042 994 
1920 994 1042 1043 
1921 994 1043 995 
1922 995 1043 1044 
1923 995 1044 996 
1924 996 1044 1045 
1925 996 1045 997 
1926 997 1045 1046 
1927 997 1046 998 
1928 998 1046 1047 
1929 998 1047 999 
1930 999 1047 1048 
1931 999 1048 1000 
1932 1000 1048 1049 
1933 1000 1049 1001 
1934 1001 1049 1050 
1935 1001 1050 1002 
1936 1002 1050 1051 
1937 1002 1051 1003 
1938 1003 1051 1052 
1939 1003 1052 1004 
1940 1004 1052 1053 
1941 1004 1053 1005 
1942 1005 1053 1054 
1943 1005 1054 1006 
1944 1006 1054 1055 
1945 1006 1055 1007 
1946 1007 1055 1056 
1947 1007 1056 1008 
1948 1008 1056 1057 
1949 1008 1057 1009 
1950 1009 1057 1058 
1951 1009 1058 1010 
1952 1010 1058 1059 
1953 1010 1059 1011 
1954 1011 1059 1060 
1955 1011 1060 1012 
1956 1012 1060 1061 
1957 1012 1061 1013 
1958 1013 1061 1062 
1959 1013 1062 1014 
1960 1014 1062 1063 
1961 1014 1063 1015 
1962 1015 1063 1064 
1963 1015 1064 1016 
1964 1016 1064 1065 
1965 1016 1065 1017 
1966 1017 1065 1066 
1967 1017 1066 1018 
1968 1018 1066 1067 
1969 1018 1067 1019 
1970 1019 1067 1068 
1971 1019 1068 1020 
1972 1020 1068 1069 
1973 1020 1069 1021 
1974 1021 1069 1070 
1975 1021 1070 1022 
1976 1022 1070 1071 
1977 1022 1071 1023 
1978 1023 1071 1072 
1979 1023 1072 1024 
1980 1024 1072 1073 
1981 1024 1073 1025 
1982 1025 1073 1074 
1983 1025 1074 1026 
1984 1026 1074 1075 
1985 1026 1075 1027 
1986 1027 1075 1076 
1987 1027 1076 1028 
1988 1028 1076 1077 
1989 1028 1077 1029 
1990 1029 1077 1078 
1991 1029 1078 1030 
1992 1030 1078 1079 
1993 1030 1079 1031 
1994 1031 1079 1080 
1995 1031 1080 1032 
1996 1032 1080 1081 
1997 1032 1081 1033 
1998 1033 1081 1082 
1999 1033 1082 37 
2000 37 1082 36 
2001 120 121 1034 
2002 1034 121 1083 
2003 1034 1083 1035 
2004 1035 1083 1084 
2005 1035 1084 1036 
2006 1036 1084 1085 
2007 1036 1085 1037 
2008 1037 1085 1086 
2009 1037 1086 1038 
2010 1038 1086 1087 
2011 1038 1087 1039 
2012 1039 1087 1088 
2013 1039 1088 1040 
2014 1040 1088 1089 
2015 1040 1089 1041 
2016 1041 1089 1090 
2017 1041 1090 1042 
2018 1042 1090 1091 
2019 1042 1091 1043 
2020 1043 1091 1092 
2021 1043 1092 1044 
2022 1044 1092 1093 
2023 1044 1093 1045 
2024 1045 1093 1094 
2025 1045 1094 1046 
2026 1046 1094 1095 
2027 1046 1095 1047 
2028 1047 1095 1096 
2029 1047 1096 1048 
2030 1048 1096 1097 
2031 1048 1097 1049 
2032 1049 1097 1098 
2033 1049 1098 1050 
2034 1050 1098 1099 
2035 1050 1099 1051 
2036 1051 1099 1100 
2037 1051 1100 1052 
2038 1052 1100 1101 
2039 1052 1101 1053 
2040 1053 1101 1102 
2041 1053 1102 1054 
2042 1054 1102 1103 
2043 1054 1103 1055 
2044 1055 1103 1104 
2045 1055 1104 1056 
2046 1056 1104 1105 
2047 1056 1105 1057 
2048 1057 1105 1106 
2049 1057 1106 1058 
2050 1058 1106 1107 
2051 1058 1107 1059 
2052 1059 1107 1108 
2053 1059 1108 1060 
2054 1060 1108 1109 
2055 1060 1109 1061 
2056 1061 1109 1110 
2057 1061 1110 1062 
2058 1062 1110 1111 
2059 1062 1111 1063 
2060 1063 1111 1112 
2061 1063 1112 1064 
2062 1064 1112 1113 
2063 1064 1113 1065 
2064 1065 1113 1114 
2065 1065 1114 1066 
2066 1066 1114 1115 
2067 1066 1115 1067 
2068 1067 1115 1116 
2069 1067 1116 1068 
2070 1068 1116 1117 
2071 1068 1117 1069 
2072 1069 1117 1118 
2073 1069 1118 1070 
2074 1070 1118 1119 
2075 1070 1119 1071 
2076 1071 1119 1120 
2077 1071 1120 1072 
2078 1072 1120 1121 
2079 1072 1121 1073 
2080 1073 1121 1122 
2081 1073 1122 1074 
2082 1074 1122 1123 
2083 1074 1123 1075 
2084 1075 1123 1124 
2085 1075 1124 1076 
2086 1076 1124 1125 
2087 1076 1125 1077 
2088 1077 1125 1126 
2089 1077 1126 1078 
2090 1078 1126 1127 
2091 1078 1127 1079 
2092 1079 1127 1128 
2093 1079 1128 1080 
2094 1080 1128 1129 
2095 1080 1129 1081 
2096 1081 1129 1130 
2097 1081 1130 1082 
2098 1082 1130 1131 
2099 1082 1131 36 
2100 36 1131 35 
2101 121 122 1083 
2102 1083 122 1132 
2103 1083 1132 1084 
2104 1084 1132 1133 
2105 1084 1133 1085 
2106 1085 1133 1134 
2107 1085 1134 1086 
2108 1086 1134 1135 
2109 1086 1135 1087 
2110 1087 1135 1136 
2111 1087 1136 1088 
2112 1088 1136 1137 
2113 1088 1137 1089 
2114 1089 1137 1138 
2115 1089 1138 1090 
2116 1090 1138 1139 
2117 1090 1139 1091 
2118 1091 1139 1140 
2119 1091 1140 1092 
2120 1092 1140 1141 
2121 1092 1141 1093 
2122 1093 1141 1142 
2123 1093 1142 1094 
2124 1094 1142 1143 
2125 1094 1143 1095 
2126 1095 1143 1144 
2127 1095 1144 1096 
2128 1096 1144 1145 
2129 1096 1145 1097 
2130 1097 1145 1146 
2131 1097 1146 1098 
2132 1098 1146 1147 
2133 1098 1147 1099 
2134 1099 1147 1148 
2135 1099 1148 1100 
2136 1100 1148 1149 
2137 1100 1149 1101 
2138 1101 1149 1150 
2139 1101 1150 1102 
2140 1102 1150 1151 
2141 1102 1151 1103 
2142 1103 1151 1152 
2143 1103 1152 1104 
2144 1104 1152 1153 
2145 1104 1153 1105 
2146 1105 1153 1154 
2147 1105 1154 1106 
2148 1106 1154 1155 
2149 1106 1155 1107 
2150 1107 1155 1156 
2151 1107 1156 1108 
2152 1108 1156 1157 
2153 1108 1157 1109 
2154 1109 1157 1158 
2155 1109 1158 1110 
2156 1110 1158 1159 
2157 1110 1159 1111 
2158 1111 1159 1160 
2159 1111 1160 1112 
2160 1112 1160 1161 
2161 1112 1161 1113 
2162 1113 1161 1162 
2163 1113 1162 1114 
2164 1114 1162 1163 
2165 1114 1163 1115 
2166 1115 1163 1164 
2167 1115 1164 1116 
2168 1116 1164 1165 
2169 1116 1165 1117 
2170 1117 1165 1166 
2171 1117 1166 1118 
2172 1118 1166 1167 
2173 1118 1167 1119 
2174 1119 1167 1168 
2175 1119 1168 1120 
2176 1120 1168 1169 
2177 1120 1169 1121 
2178 1121 1169 1170 
2179 1121 1170 1122 
2180 1122 1170 1171 
2181 1122 1171 1123 
2182 1123 1171 1172 
2183 1123 1172 1124 
2184 1124 1172 1173 
2185 1124 1173 1125 
2186 1125 1173 1174 
2187 1125 1174 1126 
2188 1126 1174 1175 
2189 1126 1175 1127 
2190 1127 1175 1176 
2191 1127 1176 1128 
2192 1128 1176 1177 
2193 1128 1177 1129 
2194 1129 1177 1178 
2195 1129 1178 1130 
2196 1130 1178 1179 
2197 1130 1179 1131 
2198 1131 1179 1180 
2199 1131 1180 35 
2200 35 1180 34 
2201 122 123 1132 
2202 1132 123 1181 
2203 1132 1181 1133 
2204 1133 1181 1182 
2205 1133 1182 1134 
2206 1134 1182 1183 
2207 1134 1183 1135 
2208 1135 1183 1184 
2209 1135 1184 1136 
2210 1136 1184 1185 
2211 1136 1185 1137 
2212 1137 1185 1186 
2213 1137 1186 1138 
2214 1138 1186 1187 
2215 1138 1187 1139 
2216 1139 1187 1188 
2217 1139 1188 1140 
2218 1140 1188 1189 
2219 1140 1189 1141 
2220 1141 1189 1190 
2221 1141 1190 1142 
2222 1142 1190 1191 
2223 1142 1191 1143 
2224 1143 1191 1192 
2225 1143 1192 1144 
2226 1144 1192 1193 
2227 1144 1193 1145 
2228 1145 1193 1194 
2229 1145 1194 1146 
2230 1146 1194 1195 
2231 1146 1195 1147 
2232 1147 1195 1196 
2233 1147 1196 1148 
2234 1148 1196 1197 
2235 1148 1197 1149 
2236 1149 1197 1198 
2237 1149 1198 1150 
2238 1150 1198 1199 
2239 1150 1199 1151 
2240 1151 1199 1200 
2241 1151 1200 1152 
2242 1152 1200 1201 
2243 1152 1201 1153 
2244 1153 1201 1202 
2245 1153 1202 1154 
2246 1154 1202 1203 
2247 1154 1203 1155 
2248 1155 1203 1204 
2249 1155 1204 1156 
2250 1156 1204 1205 
2251 1156 1205 1157 
2252 1157 1205 1206 
2253 1157 1206 1158 
2254 1158 1206 1207 
2255 1158 1207 1159 
2256 1159 1207 1208 
2257 1159 1208 1160 
2258 1160 1208 1209 
2259 1160 1209 1161 
2260 1161 1209 1210 
2261 1161 1210 1162 
2262 1162 1210 1211 
2263 1162 1211 1163 
2264 1163 1211 1212 
2265 1163 1212 1164 
2266 1164 1212 1213 
2267 1164 1213 1165 
2268 1165 1213 1214 
2269 1165 1214 1166 
2270 1166 1214 1215 
2271 1166 1215 1167 
2272 1167 1215 1216 
2273 1167 1216 1168 
2274 1168 1216 1217 
2275 1168 1217 1169 
2276 1169 1217 1218 
2277 1169 1218 1170 
2278 1170 1218 1219 
2279 1170 1219 1171 
2280 1171 1219 1220 
2281 1171 1220 1172 
2282 1172 1220 1221 
2283 1172 1221 1173 
2284 1173 1221 1222 
2285 1173 1222 1174 
2286 1174 1222 1223 
2287 1174 1223 1175 
2288 1175 1223 1224 
2289 1175 1224 1176 
2290 1176 1224 1225 
2291 1176 1225 1177 
2292 1177 1225 1226 
2293 1177 1226 1178 
2294 1178 1226 1227 
2295 1178 1227 1179 
2296 1179 1227 1228 
2297 1179 1228 1180 
2298 1180 1228 1229 
2299 1180 1229 34 
2300 34 1229 33 
2301 123 124 1181 
2302 1181 124 1230 
2303 1181 1230 1182 
2304 1182 1230 1231 
2305 1182 1231 1183 
2306 1183 1231 1232 
2307 1183 1232 1184 
2308 1184 1232 1233 
2309 1184 1233 1185 
2310 1185 1233 1234 
2311 1185 1234 1186 
2312 1186 1234 1235 
2313 1186 1235 1187 
2314 1187 1235 1236 
2315 1187 1236 1188 
2316 1188 1236 1237 
2317 1188 1237 1189 
2318 1189 1237 1238 
2319 1189 1238 1190 
2320 1190 1238 1239 
2321 1190 1239 1191 
2322 1191 1239 1240 
2323 1191 1240 1192 
2324 1192 1240 1241 
2325 1192 1241 1193 
2326 1193 1241 1242 
2327 1193 1242 1194 
2328 1194 1242 1243 
2329 1194 1243 1195 
2330 1195 1243 1244 
2331 1195 1244 1196 
2332 1196 1244 1245 
2333 1196 1245 1197 
2334 1197 1245 1246 
2335 1197 1246 1198 
2336 1198 1246 1247 
2337 1198 1247 1199 
2338 1199 1247 1248 
2339 1199 1248 1200 
2340 1200 1248 1249 
2341 1200 1249 1201 
2342 1201 1249 1250 
2343 1201 1250 1202 
2344 1202 1250 1251 
2345 1202 1251 1203 
2346 1203 1251 1252 
2347 1203 1252 1204 
2348 1204 1252 1253 
2349 1204 1253 1205 
2350 1205 1253 1254 
2351 1205 1254 1206 
2352 1206 1254 1255 
2353 1206 1255 1207 
2354 1207 1255 1256 
2355 1207 1256 1208 
2356 1208 1256 1257 
2357 1208 1257 1209 
2358 1209 1257 1258 
2359 1209 1258 1210 
2360 1210 1258 1259 
2361 1210 1259 1211 
2362 1211 1259 1260 
2363 1211 1260 1212 
2364 1212 1260 1261 
2365 1212 1261 1213 
2366 1213 1261 1262 
2367 1213 1262 1214 
2368 1214 1262 1263 
2369 1214 1263 1215 
2370 1215 1263 1264 
2371 1215 1264 1216 
2372 1216 1264 1265 
2373 1216 1265 1217 
2374 1217 1265 1266 
2375 1217 1266 1218 
2376 1218 1266 1267 
2377 1218 1267 1219 
2378 1219 1267 1268 
2379 1219 1268 1220 
2380 1220 1268 1269 
2381 1220 1269 1221 
2382 1221 1269 1270 
2383 1221 1270 1222 
2384 1222 1270 1271 
2385 1222 1271 1223 
2386 1223 1271 1272 
2387 1223 1272 1224 
2388 1224 1272 1273 
2389 1224 1273 1225 
2390 1225 1273 1274 
2391 1225 1274 1226 
2392 1226 1274 1275 
2393 1226 1275 1227 
2394 1227 1275 1276 
2395 1227 1276 1228 
2396 1228 1276 1277 
2397 1228 1277 1229 
2398 1229 1277 1278 
2399 1229 1278 33 
2400 33 1278 32 
2401 124 125 1230 
2402 1230 125 1279 
2403 1230 1279 1231 
2404 1231 1279 1280 
2405 1231 1280 1232 
2406 1232 1280 1281 
2407 1232 1281 1233 
2408 1233 1281 1282 
2409 1233 1282 1234 
2410 1234 1282 1283 
2411 1234 1283 1235 
2412 1235 1283 1284 
2413 1235 1284 1236 
2414 1236 1284 1285 
2415 1236 1285 1237 
2416 1237 1285 1286 
2417 1237 1286 1238 
2418 1238 1286 1287 
2419 1238 1287 1239 
2420 1239 1287 1288 
2421 1239 1288 1240 
2422 1240 1288 1289 
2423 1240 1289 1241 
2424 1241 1289 1290 
2425 1241 1290 1242 
2426 1242 1290 1291 
2427 1242 1291 1243 
2428 1243 1291 1292 
2429 1243 1292 1244 
2430 1244 1292 1293 
2431 1244 1293 1245 
2432 1245 1293 1294 
2433 1245 1294 1246 
2434 1246 1294 1295 
2435 1246 1295 1247 
2436 1247 1295 1296 
2437 1247 1296 1248 
2438 1248 1296 1297 
2439 1248 1297 1249 
2440 1249 1297 1298 
2441 1249 1298 1250 
2442 1250 1298 1299 
2443 1250 1299 1251 
2444 1251 1299 1300 
2445 1251 1300 1252 
2446 1252 1300 1301 
2447 1252 1301 1253 
2448 1253 1301 1302 
2449 1253 1302 1254 
2450 1254 1302 1303 
2451 1254 1303 1255 
2452 1255 1303 1304 
2453 1255 1304 1256 
2454 1256 1304 1305 
2455 1256 1305 1257 
2456 1257 1305 1306 
2457 1257 1306 1258 
2458 1258 1306 1307 
2459 1258 1307 1259 
2460 1259 1307 1308 
2461 1259 1308 1260 
2462 1260 1308 1309 
2463 1260 1309 1261 
2464 1261 1309 1310 
2465 1261 1310 1262 
2466 1262 1310 1311 
2467 1262 1311 1263 
2468 1263 1311 1312 
2469 1263 1312 1264 
2470 1264 1312 1313 
2471 1264 1313 1265 
2472 1265 1313 1314 
2473 1265 1314 1266 
2474 1266 1314 1315 
2475 1266 1315 1267 
2476 1267 1315 1316 
2477 1267 1316 1268 
2478 1268 1316 1317 
2479 1268 1317 1269 
2480 1269 1317 1318 
2481 1269 1318 1270 
2482 1270 1318 1319 
2483 1270 1319 1271 
2484 1271 1319 1320 
2485 1271 1320 1272 
2486 1272 1320 1321 
2487 1272 1321 1273 
2488 1273 1321 1322 
2489 1273 1322 1274 
2490 1274 1322 1323 
2491 1274 1323 1275 
2492 1275 1323 1324 
2493 1275 1324 1276 
2494 1276 1324 1325 
2495 1276 1325 1277 
2496 1277 1325 1326 
2497 1277 1326 1278 
2498 1278 1326 1327 
2499 1278 1327 32 
2500 32 1327 31 
2501 125 126 1279 
2502 1279 126 1328 
2503 1279 1328 1280 
2504 1280 1328 1329 
2505 1280 1329 1281 
2506 1281 1329 1330 
2507 1281 1330 1282 
2508 1282 1330 1331 
2509 1282 1331 1283 
2510 1283 1331 1332 
2511 1283 1332 1284 
2512 1284 1332 1333 
2513 1284 1333 1285 
2514 1285 1333 1334 
2515 1285 1334 1286 
2516 1286 1334 1335 
2517 1286 1335 1287 
2518 1287 1335 1336 
2519 1287 1336 1288 
2520 1288 1336 1337 
2521 1288 1337 1289 
2522 1289 1337 1338 
2523 1289 1338 1290 
2524 1290 1338 1339 
2525 1290 1339 1291 
2526 1291 1339 1340 
2527 1291 1340 1292 
2528 1292 1340 1341 
2529 1292 1341 1293 
2530 1293 1341 1342 
2531 1293 1342 1294 
2532 1294 1342 1343 
2533 1294 1343 1295 
2534 1295 1343 1344 
2535 1295 1344 1296 
2536 1296 1344 1345 
2537 1296 1345 1297 
2538 1297 1345 1346 
2539 1297 1346 1298 
2540 1298 1346 1347 
2541 1298 1347 1299 
2542 1299 1347 1348 
2543 1299 1348 1300 
2544 1300 1348 1349 
2545 1300 1349 1301 
2546 1301 1349 1350 
2547 1301 1350 1302 
2548 1302 1350 1351 
2549 1302 1351 1303 
2550 1303 1351 1352 
2551 1303 1352 1304 
2552 1304 1352 1353 
2553 1304 1353 1305 
2554 1305 1353 1354 
2555 1305 1354 1306 
2556 1306 1354 1355 
2557 1306 1355 1307 
2558 1307 1355 1356 
2559 1307 1356 1308 
2560 1308 1356 1357 
2561 1308 1357 1309 
2562 1309 1357 1358 
2563 1309 1358 1310 
2564 1310 1358 1359 
2565 1310 1359 1311 
2566 1311 1359 1360 
2567 1311 1360 1312 
2568 1312 1360 1361 
2569 1312 1361 1313 
2570 1313 1361 1362 
2571 1313 1362 1314 
2572 1314 1362 1363 
2573 1314 1363 1315 
2574 1315 1363 1364 
2575 1315 1364 1316 
2576 1316 1364 1365 
2577 1316 1365 1317 
2578 1317 1365 1366 
2579 1317 1366 1318 
2580 1318 1366 1367 
2581 1318 1367 1319 
2582 1319 1367 1368 
2583 1319 1368 1320 
2584 1320 1368 1369 
2585 1320 1369 1321 
2586 1321 1369 1370 
2587 1321 1370 1322 
2588 1322 1370 1371 
2589 1322 1371 1323 
2590 1323 1371 1372 
2591 1323 1372 1324 
2592 1324 1372 1373 
2593 1324 1373 1325 
2594 1325 1373 1374 
2595 1325 1374 1326 
2596 1326 1374 1375 
2597 1326 1375 1327 
2598 1327 1375 1376 
2599 1327 1376 31 
2600 31 1376 30 
2601 126 127 1328 
2602 1328 127 1377 
2603 1328 1377 1329 
2604 1329 1377 1378 
2605 1329 1378 1330 
2606 1330 1378 1379 
2607 1330 1379 1331 
2608 1331 1379 1380 
2609 1331 1380 1332 
2610 1332 1380 1381 
2611 1332 1381 1333 
2612 1333 1381 1382 
2613 1333 1382 1334 
2614 1334 1382 1383 
2615 1334 1383 1335 
2616 1335 1383 1384 
2617 1335 1384 1336 
2618 1336 1384 1385 
2619 1336 1385 1337 
2620 1337 1385 1386 
2621 1337 1386 1338 
2622 1338 1386 1387 
2623 1338 1387 1339 
2624 1339 1387 1388 
2625 1339 1388 1340 
2626 1340 1388 1389 
2627 1340 1389 1341 
2628 1341 1389 1390 
2629 1341 1390 1342 
2630 1342 1390 1391 
2631 1342 1391 1343 
2632 1343 1391 1392 
2633 1343 1392 1344 
2634 1344 1392 1393 
2635 1344 1393 1345 
2636 1345 1393 1394 
2637 1345 1394 1346 
2638 1346 1394 1395 
2639 1346 1395 1347 
2640 1347 1395 1396 
2641 1347 1396 1348 
2642 1348 1396 1397 
2643 1348 1397 1349 
2644 1349 1397 1398 
2645 1349 1398 1350 
2646 1350 1398 1399 
2647 1350 1399 1351 
2648 1351 1399 1400 
2649 1351 1400 1352 
2650 1352 1400 1401 
2651 1352 1401 1353 
2652 1353 1401 1402 
2653 1353 1402 1354 
2654 1354 1402 1403 
2655 1354 1403 1355 
2656 1355 1403 1404 
2657 1355 1404 1356 
2658 1356 1404 1405 
2659 1356 1405 1357 
2660 1357 1405 1406 
2661 1357 1406 1358 
2662 1358 1406 1407 
2663 1358 1407 1359 
2664 1359 1407 1408 
2665 1359 1408 1360 
2666 1360 1408 1409 
2667 1360 1409 1361 
2668 1361 1409 1410 
2669 1361 1410 1362 
2670 1362 1410 1411 
2671 1362 1411 1363 
2672 1363 1411 1412 
2673 1363 1412 1364 
2674 1364 1412 1413 
2675 1364 1413 1365 
2676 1365 1413 1414 
2677 1365 1414 1366 
2678 1366 1414 1415 
2679 1366 1415 1367 
2680 1367 1415 1416 
2681 1367 1416 1368 
2682 1368 1416 1417 
2683 1368 1417 1369 
2684 1369 1417 1418 
2685 1369 1418 1370 
2686 1370 1418 1419 
2687 1370 1419 1371 
2688 1371 1419 1420 
2689 1371 1420 1372 
2690 1372 1420 1421 
2691 1372 1421 1373 
2692 1373 1421 1422 
2693 1373 1422 1374 
2694 1374 1422 1423 
2695 1374 1423 1375 
2696 1375 1423 1424 
2697 1375 1424 1376 
2698 1376 1424 1425 
2699 1376 1425 30 
2700 30 1425 29 
2701 127 128 1377 
2702 1377 128 1426 
2703 1377 1426 1378 
2704 1378 1426 1427 
2705 1378 1427 1379 
2706 1379 1427 1428 
2707 1379 1428 1380 
2708 1380 1428 1429 
2709 1380 1429 1381 
2710 1381 1429 1430 
2711 1381 1430 1382 
2712 1382 1430 1431 
2713 1382 1431 1383 
2714 1383 1431 1432 
2715 1383 1432 1384 
2716 1384 1432 1433 
2717 1384 1433 1385 
2718 1385 1433 1434 
2719 1385 1434 1386 
2720 1386 1434 1435 
2721 1386 1435 1387 
2722 1387 1435 1436 
2723 1387 1436 1388 
2724 1388 1436 1437 
2725 1388 1437 1389 
2726 1389 1437 1438 
2727 1389 1438 1390 
2728 1390 1438 1439 
2729 1390 1439 1391 
2730 1391 1439 1440 
2731 1391 1440 1392 
2732 1392 1440 1441 
2733 1392 1441 1393 
2734 1393 1441 1442 
2735 1393 1442 1394 
2736 1394 1442 1443 
2737 1394 1443 1395 
2738 1395 1443 1444 
2739 1395 1444 1396 
2740 1396 1444 1445 
2741 1396 1445 1397 
2742 1397 1445 1446 
2743 1397 1446 1398 
2744 1398 1446 1447 
2745 1398 1447 1399 
2746 1399 1447 1448 
2747 1399 1448 1400 
2748 1400 1448 1449 
2749 1400 1449 1401 
2750 1401 1449 1450 
2751 1401 1450 1402 
2752 1402 1450 1451 
2753 1402 1451 1403 
2754 1403 1451 1452 
2755 1403 1452 1404 
2756 1404 1452 1453 
2757 1404 1453 1405 
2758 1405 1453 1454 
2759 1405 1454 1406 
2760 1406 1454 1455 
2761 1406 1455 1407 
2762 1407 1455 1456 
2763 1407 1456 1408 
2764 1408 1456 1457 
2765 1408 1457 1409 
2766 1409 1457 1458 
2767 1409 1458 1410 
2768 1410 1458 1459 
2769 1410 1459 1411 
2770 1411 1459 1460 
2771 1411 1460 1412 
2772 1412 1460 1461 
2773 1412 1461 1413 
2774 1413 1461 1462 
2775 1413 1462 1414 
2776 1414 1462 1463 
2777 1414 1463 1415 
2778 1415 1463 1464 
2779 1415 1464 1416 
2780 1416 1464 1465 
2781 1416 1465 1417 
2782 1417 1465 1466 
2783 1417 1466 1418 
2784 1418 1466 1467 
2785 1418 1467 1419 
2786 1419 1467 1468 
2787 1419 1468 1420 
2788 1420 1468 1469 
2789 1420 1469 1421 
2790 1421 1469 1470 
2791 1421 1470 1422 
2792 1422 1470 1471 
2793 1422 1471 1423 
2794 1423 1471 1472 
2795 1423 1472 1424 
2796 1424 1472 1473 
2797 1424 1473 1425 
2798 1425 1473 1474 
2799 1425 1474 29 
2800 29 1474 28 
2801 128 129 1426 
2802 1426 129 1475 
2803 1426 1475 1427 
2804 1427 1475 1476 
2805 1427 1476 1428 
2806 1428 1476 1477 
2807 1428 1477 1429 
2808 1429 1477 1478 
2809 1429 1478 1430 
2810 1430 1478 1479 
2811 1430 1479 1431 
2812 1431 1479 1480 
2813 1431 1480 1432 
2814 1432 1480 1481 
2815 1432 1481 1433 
2816 1433 1481 1482 
2817 1433 1482 1434 
2818 1434 1482 1483 
2819 1434 1483 1435 
2820 1435 1483 1484 
2821 1435 1484 1436 
2822 1436 1484 1485 
2823 1436 1485 1437 
2824 1437 1485 1486 
2825 1437 1486 1438 
2826 1438 1486 1487 
2827 1438 1487 1439 
2828 1439 1487 1488 
2829 1439 1488 1440 
2830 1440 1488 1489 
2831 1440 1489 1441 
2832 1441 1489 1490 
2833 1441 1490 1442 
2834 1442 1490 1491 
2835 1442 1491 1443 
2836 1443 1491 1492 
2837 1443 1492 1444 
2838 1444 1492 1493 
2839 1444 1493 1445 
2840 1445 1493 1494 
2841 1445 1494 1446 
2842 1446 1494 1495 
2843 1446 1495 1447 
2844 1447 1495 1496 
2845 1447 1496 1448 
2846 1448 1496 1497 
2847 1448 1497 1449 
2848 1449 1497 1498 
2849 1449 1498 1450 
2850 1450 1498 1499 
2851 1450 1499 1451 
2852 1451 1499 1500 
2853 1451 1500 1452 
2854 1452 1500 1501 
2855 1452 1501 1453 
2856 1453 1501 1502 
2857 1453 1502 1454 
2858 1454 1502 1503 
2859 1454 1503 1455 
2860 1455 1503 1504 
2861 1455 1504 1456 
2862 1456 1504 1505 
2863 1456 1505 1457 
2864 1457 1505 1506 
2865 1457 1506 1458 
2866 1458 1506 1507 
2867 1458 1507 1459 
2868 1459 1507 1508 
2869 1459 1508 1460 
2870 1460 1508 1509 
2871 1460 1509 1461 
2872 1461 1509 1510 
2873 1461 1510 1462 
2874 1462 1510 1511 
2875 1462 1511 1463 
2876 1463 1511 1512 
2877 1463 1512 1464 
2878 1464 1512 1513 
2879 1464 1513 1465 
2880 1465 1513 1514 
2881 1465 1514 1466 
2882 1466 1514 1515 
2883 1466 1515 1467 
2884 1467 1515 1516 
2885 1467 1516 1468 
2886 1468 1516 1517 
2887 1468 1517 1469 
2888 1469 1517 1518 
2889 1469 1518 1470 
2890 1470 1518 1519 
2891 1470 1519 1471 
2892 1471 1519 1520 
2893 1471 1520 1472 
2894 1472 1520 1521 
2895 1472 1521 1473 
2896 1473 1521 1522 
2897 1473 1522 1474 
2898 1474 1522 1523 
2899 1474 1523 28 
2900 28 1523 27 
2901 129 130 1475 
2902 1475 130 1524 
2903 1475 1524 1476 
2904 1476 1524 1525 
2905 1476 1525 1477 
2906 1477 1525 1526 
2907 1477 1526 1478 
2908 1478 1526 1527 
2909 1478 1527 1479 
2910 1479 1527 1528 
2911 1479 1528 1480 
2912 1480 1528 1529 
2913 1480 1529 1481 
2914 1481 1529 1530 
2915 1481 1530 1482 
2916 1482 1530 1531 
2917 1482 1531 1483 
2918 1483 1531 1532 
2919 1483 1532 1484 
2920 1484 1532 1533 
2921 1484 1533 1485 
2922 1485 1533 1534 
2923 1485 1534 1486 
2924 1486 1534 1535 
2925 1486 1535 1487 
2926 1487 1535 1536 
2927 1487 1536 1488 
2928 1488 1536 1537 
2929 1488 1537 1489 
2930 1489 1537 1538 
2931 1489 1538 1490 
2932 1490 1538 1539 
2933 1490 1539 1491 
2934 1491 1539 1540 
2935 1491 1540 1492 
2936 1492 1540 1541 
2937 1492 1541 1493 
2938 1493 1541 1542 
2939 1493 1542 1494 
2940 1494 1542 1543 
2941 1494 1543 1495 
2942 1495 1543 1544 
2943 1495 1544 1496 
2944 1496 1544 1545 
2945 1496 1545 1497 
2946 1497 1545 1546 
2947 1497 1546 1498 
2948 1498 1546 1547 
2949 1498 1547 1499 
2950 1499 1547 1548 
2951 1499 1548 1500 
2952 1500 1548 1549 
2953 1500 1549 1501 
2954 1501 1549 1550 
2955 1501 1550 1502 
2956 1502 1550 1551 
2957 1502 1551 1503 
2958 1503 1551 1552 
2959 1503 1552 1504 
2960 1504 1552 1553 
2961 1504 1553 1505 
2962 1505 1553 1554 
2963 1505 1554 1506 
2964 1506 1554 1555 
2965 1506 1555 1507 
2966 1507 1555 1556 
2967 1507 1556 1508 
2968 1508 1556 1557 
2969 1508 1557 1509 
2970 1509 1557 1558 
2971 1509 1558 1510 
2972 1510 1558 1559 
2973 1510 1559 1511 
2974 1511 1559 1560 
2975 1511 1560 1512 
2976 1512 1560 1561 
2977 1512 1561 1513 
2978 1513 1561 1562 
2979 1513 1562 1514 
2980 1514 1562 1563 
2981 1514 1563 1515 
2982 1515 1563 1564 
2983 1515 1564 1516 
2984 1516 1564 1565 
2985 1516 1565 1517 
2986 1517 1565 1566 
2987 1517 1566 1518 
2988 1518 1566 1567 
2989 1518 1567 1519 
2990 1519 1567 1568 
2991 1519 1568 1520 
2992 1520 1568 1569 
2993 1520 1569 1521 
2994 1521 1569 1570 
2995 1521 1570 1522 
2996 1522 1570 1571 
2997 1522 1571 1523 
2998 1523 1571 1572 
2999 1523 1572 27 
3000 27 1572 26 
3001 130 131 1524 
3002 1524 131 1573 
3003 1524 1573 1525 
3004 1525 1573 1574 
3005 1525 1574 1526 
3006 1526 1574 1575 
3007 1526 1575 1527 
3008 1527 1575 1576 
3009 1527 1576 1528 
3010 1528 1576 1577 
3011 1528 1577 1529 
3012 1529 1577 1578 
3013 1529 1578 1530 
3014 1530 1578 1579 
3015 1530 1579 1531 
3016 1531 1579 1580 
3017 1531 1580 1532 
3018 1532 1580 1581 
3019 1532 1581 1533 
3020 1533 1581 1582 
3021 1533 1582 1534 
3022 1534 1582 1583 
3023 1534 1583 1535 
3024 1535 1583 1584 
3025 1535 1584 1536 
3026 1536 1584 1585 
3027 1536 1585 1537 
3028 1537 1585 1586 
3029 1537 1586 1538 
3030 1538 1586 1587 
3031 1538 1587 1539 
3032 1539 1587 1588 
3033 1539 1588 1540 
3034 1540 1588 1589 
3035 1540 1589 1541 
3036 1541 1589 1590 
3037 1541 1590 1542 
3038 1542 1590 1591 
3039 1542 1591 1543 
3040 1543 1591 1592 
3041 1543 1592 1544 
3042 1544 1592 1593 
3043 1544 1593 1545 
3044 1545 1593 1594 
3045 1545 1594 1546 
3046 1546 1594 1595 
3047 1546 1595 1547 
3048 1547 1595 1596 
3049 1547 1596 1548 
3050 1548 1596 1597 
3051 1548 1597 1549 
3052 1549 1597 1598 
3053 1549 1598 1550 
3054 1550 1598 1599 
3055 1550 1599 1551 
3056 1551 1599 1600 
3057 1551 1600 1552 
3058 1552 1600 1601 
3059 1552 1601 1553 
3060 1553 1601 1602 
3061 1553 1602 1554 
3062 1554 1602 1603 
3063 1554 1603 1555 
3064 1555 1603 1604 
3065 1555 1604 1556 
3066 1556 1604 1605 
3067 1556 1605 1557 
3068 1557 1605 1606 
3069 1557 1606 1558 
3070 1558 1606 1607 
3071 1558 1607 1559 
3072 1559 1607 1608 
3073 1559 1608 1560 
3074 1560 1608 1609 
3075 1560 1609 1561 
3076 1561 1609 1610 
3077 1561 1610 1562 
3078 1562 1610 1611 
3079 1562 1611 1563 
3080 1563 1611 1612 
3081 1563 1612 1564 
3082 1564 1612 1613 
3083 1564 1613 1565 
3084 1565 1613 1614 
3085 1565 1614 1566 
3086 1566 1614 1615 
3087 1566 1615 1567 
3088 1567 1615 1616 
3089 1567 1616 1568 
3090 1568 1616 1617 
3091 1568 1617 1569 
3092 1569 1617 1618 
3093 1569 1618 1570 
3094 1570 1618 1619 
3095 1570 1619 1571 
3096 1571 1619 1620 
3097 1571 1620 1572 
3098 1572 1620 1621 
3099 1572 1621 26 
3100 26 1621 25 
3101 131 132 1573 
3102 1573 132 1622 
3103 1573 1622 1574 
3104 1574 1622 1623 
3105 1574 1623 1575 
3106 1575 1623 1624 
3107 1575 1624 1576 
3108 1576 1624 1625 
3109 1576 1625 1577 
3110 1577 1625 1626 
3111 1577 1626 1578 
3112 1578 1626 1627 
3113 1578 1627 1579 
3114 1579 1627 1628 
3115 1579 1628 1580 
3116 1580 1628 1629 
3117 1580 1629 1581 
3118 1581 1629 1630 
3119 1581 1630 1582 
3120 1582 1630 1631 
3121 1582 1631 1583 
3122 1583 1631 1632 
3123 1583 1632 1584 
3124 1584 1632 1633 
3125 1584 1633 1585 
3126 1585 1633 1634 
3127 1585 1634 1586 
3128 1586 1634 1635 
3129 1586 1635 1587 
3130 1587 1635 1636 
3131 1587 1636 1588 
3132 1588 1636 1637 
3133 1588 1637 1589 
3134 1589 1637 1638 
3135 1589 1638 1590 
3136 1590 1638 1639 
3137 1590 1639 1591 
3138 1591 1639 1640 
3139 1591 1640 1592 
3140 1592 1640 1641 
3141 1592 1641 1593 
3142 1593 1641 1642 
3143 1593 1642 1594 
3144 1594 1642 1643 
3145 1594 1643 1595 
3146 1595 1643 1644 
3147 1595 1644 1596 
3148 1596 1644 1645 
3149 1596 1645 1597 
3150 1597 1645 1646 
3151 1597 1646 1598 
3152 1598 1646 1647 
3153 1598 1647 1599 
3154 1599 1647 1648 
3155 1599 1648 1600 
3156 1600 1648 1649 
3157 1600 1649 1601 
3158 1601 1649 1650 
3159 1601 1650 1602 
3160 1602 1650 1651 
3161 1602 1651 1603 
3162 1603 1651 1652 
3163 1603 1652 1604 
3164 1604 1652 1653 
3165 1604 1653 1605 
3166 1605 1653 1654 
3167 1605 1654 1606 
3168 1606 1654 1655 
3169 1606 1655 1607 
3170 1607 1655 1656 
3171 1607 1656 1608 
3172 1608 1656 1657 
3173 1608 1657 1609 
3174 1609 1657 1658 
3175 1609 1658 1610 
3176 1610 1658 1659 
3177 1610 1659 1611 
3178 1611 1659 1660 
3179 1611 1660 1612 
3180 1612 1660 1661 
3181 1612 1661 1613 
3182 1613 1661 1662 
3183 1613 1662 1614 
3184 1614 1662 1663 
3185 1614 1663 1615 
3186 1615 1663 1664 
3187 1615 1664 1616 
3188 1616 1664 1665 
3189 1616 1665 1617 
3190 1617 1665 1666 
3191 1617 1666 1618 
3192 1618 1666 1667 
3193 1618 1667 1619 
3194 1619 1667 1668 
3195 1619 1668 1620 
3196 1620 1668 1669 
3197 1620 1669 1621 
3198 1621 1669 1670 
3199 1621 1670 25 
3200 25 1670 24 
3201 132 133 1622 
3202 1622 133 1671 
3203 1622 1671 1623 
3204 1623 1671 1672 
3205 1623 1672 1624 
3206 1624 1672 1673 
3207 1624 1673 1625 
3208 1625 1673 1674 
3209 1625 1674 1626 
3210 1626 1674 1675 
3211 1626 1675 1627 
3212 1627 1675 1676 
3213 1627 1676 1628 
3214 1628 1676 1677 
3215 1628 1677 1629 
3216 1629 1677 1678 
3217 1629 1678 1630 
3218 1630 1678 1679 
3219 1630 1679 1631 
3220 1631 1679 1680 
3221 1631 1680 1632 
3222 1632 1680 1681 
3223 1632 1681 1633 
3224 1633 1681 1682 
3225 1633 1682 1634 
3226 1634 1682 1683 
3227 1634 1683 1635 
3228 1635 1683 1684 
3229 1635 1684 1636 
3230 1636 1684 1685 
3231 1636 1685 1637 
3232 1637 1685 1686 
3233 1637 1686 1638 
3234 1638 1686 1687 
3235 1638 1687 1639 
3236 1639 1687 1688 
3237 1639 1688 1640 
3238 1640 1688 1689 
3239 1640 1689 1641 
3240 1641 1689 1690 
3241 1641 1690 1642 
3242 1642 1690 1691 
3243 1642 1691 1643 
3244 1643 1691 1692 
3245 1643 1692 1644 
3246 1644 1692 1693 
3247 1644 1693 1645 
3248 1645 1693 1694 
3249 1645 1694 1646 
3250 1646 1694 1695 
3251 1646 1695 1647 
3252 1647 1695 1696 
3253 1647 1696 1648 
3254 1648 1696 1697 
3255 1648 1697 1649 
3256 1649 1697 1698 
3257 1649 1698 1650 
3258 1650 1698 1699 
3259 1650 1699 1651 
3260 1651 1699 1700 
3261 1651 1700 1652 
3262 1652 1700 1701 
3263 1652 1701 1653 
3264 1653 1701 1702 
3265 1653 1702 1654 
3266 1654 1702 1703 
3267 1654 1703 1655 
3268 1655 1703 1704 
3269 1655 1704 1656 
3270 1656 1704 1705 
3271 1656 1705 1657 
3272 1657 1705 1706 
3273 1657 1706 1658 
3274 1658 1706 1707 
3275 1658 1707 1659 
3276 1659 1707 1708 
3277 1659 1708 1660 
3278 1660 1708 1709 
3279 1660 1709 1661 
3280 1661 1709 1710 
3281 1661 1710 1662 
3282 1662 1710 1711 
3283 1662 1711 1663 
3284 1663 1711 1712 
3285 1663 1712 1664 
3286 1664 1712 1713 
3287 1664 1713 1665 
3288 1665 1713 1714 
3289 1665 1714 1666 
3290 1666 1714 1715 
3291 1666 1715 1667 
3292 1667 1715 1716 
3293 1667 1716 1668 
3294 1668 1716 1717 
3295 1668 1717 1669 
3296 1669 1717 1718 
3297 1669 1718 1670 
3298 1670 1718 1719 
3299 1670 1719 24 
3300 24 1719 23 
3301 133 134 1671 
3302 1671 134 1720 
3303 1671 1720 1672 
3304 1672 1720 1721 
3305 1672 1721 1673 
3306 1673 1721 1722 
3307 1673 1722 1674 
3308 1674 1722 1723 
3309 1674 1723 1675 
3310 1675 1723 1724 
3311 1675 1724 1676 
3312 1676 1724 1725 
3313 1676 1725 1677 
3314 1677 1725 1726 
3315 1677 1726 1678 
3316 1678 1726 1727 
3317 1678 1727 1679 
3318 1679 1727 1728 
3319 1679 1728 1680 
3320 1680 1728 1729 
3321 1680 1729 1681 
3322 1681 1729 1730 
3323 1681 1730 1682 
3324 1682 1730 1731 
3325 1682 1731 1683 
3326 1683 1731 1732 
3327 1683 1732 1684 
3328 1684 1732 1733 
3329 1684 1733 1685 
3330 1685 1733 1734 
3331 1685 1734 1686 
3332 1686 1734 1735 
3333 1686 1735 1687 
3334 1687 1735 1736 
3335 1687 1736 1688 
3336 1688 1736 1737 
3337 1688 1737 1689 
3338 1689 1737 1738 
3339 1689 1738 1690 
3340 1690 1738 1739 
3341 1690 1739 1691 
3342 1691 1739 1740 
3343 1691 1740 1692 
3344 1692 1740 1741 
3345 1692 1741 1693 
3346 1693 1741 1742 
3347 1693 1742 1694 
3348 1694 1742 1743 
3349 1694 1743 1695 
3350 1695 1743 1744 
3351 1695 1744 1696 
3352 1696 1744 1745 
3353 1696 1745 1697 
3354 1697 1745 1746 
3355 1697 1746 1698 
3356 1698 1746 1747 
3357 1698 1747 1699 
3358 1699 1747 1748 
3359 1699 1748 1700 
3360 1700 1748 1749 
3361 1700 1749 1701 
3362 1701 1749 1750 
3363 1701 1750 1702 
3364 1702 1750 1751 
3365 1702 1751 1703 
3366 1703 1751 1752 
3367 1703 1752 1704 
3368 1704 1752 1753 
3369 1704 1753 1705 
3370 1705 1753 1754 
3371 1705 1754 1706 
3372 1706 1754 1755 
3373 1706 1755 1707 
3374 1707 1755 1756 
3375 1707 1756 1708 
3376 1708 1756 1757 
3377 1708 1757 1709 
3378 1709 1757 1758 
3379 1709 1758 1710 
3380 1710 1758 1759 
3381 1710 1759 1711 
3382 1711 1759 1760 
3383 1711 1760 1712 
3384 1712 1760 1761 
3385 1712 1761 1713 
3386 1713 1761 1762 
3387 1713 1762 1714 
3388 1714 1762 1763 
3389 1714 1763 1715 
3390 1715 1763 1764 
3391 1715 1764 1716 
3392 1716 1764 1765 
3393 1716 1765 1717 
3394 1717 1765 1766 
3395 1717 1766 1718 
3396 1718 1766 1767 
3397 1718 1767 1719 
3398 1719 1767 1768 
3399 1719 1768 23 
3400 23 1768 22 
3401 134 135 1720 
3402 1720 135 1769 
3403 1720 1769 1721 
3404 1721 1769 1770 
3405 1721 1770 1722 
3406 1722 1770 1771 
3407 1722 1771 1723 
3408 1723 1771 1772 
3409 1723 1772 1724 
3410 1724 1772 1773 
3411 1724 1773 1725 
3412 1725 1773 1774 
3413 1725 1774 1726 
3414 1726 1774 1775 
3415 1726 1775 1727 
3416 1727 1775 1776 
3417 1727 1776 1728 
3418 1728 1776 1777 
3419 1728 1777 1729 
3420 1729 1777 1778 
3421 1729 1778 1730 
3422 1730 1778 1779 
3423 1730 1779 1731 
3424 1731 1779 1780 
3425 1731 1780 1732 
3426 1732 1780 1781 
3427 1732 1781 1733 
3428 1733 1781 1782 
3429 1733 1782 1734 
3430 1734 1782 1783 
3431 1734 1783 1735 
3432 1735 1783 1784 
3433 1735 1784 1736 
3434 1736 1784 1785 
3435 1736 1785 1737 
3436 1737 1785 1786 
3437 1737 1786 1738 
3438 1738 1786 1787 
3439 1738 1787 1739 
3440 1739 1787 1788 
3441 1739 1788 1740 
3442 1740 1788 1789 
3443 1740 1789 1741 
3444 1741 1789 1790 
3445 1741 1790 1742 
3446 1742 1790 1791 
3447 1742 1791 1743 
3448 1743 1791 1792 
3449 1743 1792 1744 
3450 1744 1792 1793 
3451 1744 1793 1745 
3452 1745 1793 1794 
3453 1745 1794 1746 
3454 1746 1794 1795 
3455 1746 1795 1747 
3456 1747 1795 1796 
3457 1747 1796 1748 
3458 1748 1796 1797 
3459 1748 1797 1749 
3460 1749 1797 1798 
3461 1749 1798 1750 
3462 1750 1798 1799 
3463 1750 1799 1751 
3464 1751 1799 1800 
3465 1751 1800 1752 
3466 1752 1800 1801 
3467 1752 1801 1753 
3468 1753 1801 1802 
3469 1753 1802 1754 
3470 1754 1802 1803 
3471 1754 1803 1755 
3472 1755 1803 1804 
3473 1755 1804 1756 
3474 1756 1804 1805 
3475 1756 1805 1757 
3476 1757 1805 1806 
3477 1757 1806 1758 
3478 1758 1806 1807 
3479 1758 1807 1759 
3480 1759 1807 1808 
3481 1759 1808 1760 
3482 1760 1808 1809 
3483 1760 1809 1761 
3484 1761 1809 1810 
3485 1761 1810 1762 
3486 1762 1810 1811 
3487 1762 1811 1763 
3488 1763 1811 1812 
3489 1763 1812 1764 
3490 1764 1812 1813 
3491 1764 1813 1765 
3492 1765 1813 1814 
3493 1765 1814 1766 
3494 1766 1814 1815 
3495 1766 1815 1767 
3496 1767 1815 1816 
3497 1767 1816 1768 
3498 1768 1816 1817 
3499 1768 1817 22 
3500 22 1817 21 
3501 135 136 1769 
3502 1769 136 1818 
3503 1769 1818 1770 
3504 1770 1818 1819 
3505 1770 1819 1771 
3506 1771 1819 1820 
3507 1771 1820 1772 
3508 1772 1820 1821 
3509 1772 1821 1773 
3510 1773 1821 1822 
3511 1773 1822 1774 
3512 1774 1822 1823 
3513 1774 1823 1775 
3514 1775 1823 1824 
3515 1775 1824 1776 
3516 1776 1824 1825 
3517 1776 1825 1777 
3518 1777 1825 1826 
3519 1777 1826 1778 
3520 1778 1826 1827 
3521 1778 1827 1779 
3522 1779 1827 1828 
3523 1779 1828 1780 
3524 1780 1828 1829 
3525 1780 1829 1781 
3526 1781 1829 1830 
3527 1781 1830 1782 
3528 1782 1830 1831 
3529 1782 1831 1783 
3530 1783 1831 1832 
3531 1783 1832 1784 
3532 1784 1832 1833 
3533 1784 1833 1785 
3534 1785 1833 1834 
3535 1785 1834 1786 
3536 1786 1834 1835 
3537 1786 1835 1787 
3538 1787 1835 1836 
3539 1787 1836 1788 
3540 1788 1836 1837 
3541 1788 1837 1789 
3542 1789 1837 1838 
3543 1789 1838 1790 
3544 1790 1838 1839 
3545 1790 1839 1791 
3546 1791 1839 1840 
3547 1791 1840 1792 
3548 1792 1840 1841 
3549 1792 1841 1793 
3550 1793 1841 1842 
3551 1793 1842 1794 
3552 1794 1842 1843 
3553 1794 1843 1795 
3554 1795 1843 1844 
3555 1795 1844 1796 
3556 1796 1844 1845 
3557 1796 1845 1797 
3558 1797 1845 1846 
3559 1797 1846 1798 
3560 1798 1846 1847 
3561 1798 1847 1799 
3562 1799 1847 1848 
3563 1799 1848 1800 
3564 1800 1848 1849 
3565 1800 1849 1801 
3566 1801 1849 1850 
3567 1801 1850 1802 
3568 1802 1850 1851 
3569 1802 1851 1803 
3570 1803 1851 1852 
3571 1803 1852 1804 
3572 1804 1852 1853 
3573 1804 1853 1805 
3574 1805 1853 1854 
3575 1805 1854 1806 
3576 1806 1854 1855 
3577 1806 1855 1807 
3578 1807 1855 1856 
3579 1807 1856 1808 
3580 1808 1856 1857 
3581 1808 1857 1809 
3582 1809 1857 1858 
3583 1809 1858 1810 
3584 1810 1858 1859 
3585 1810 1859 1811 
3586 1811 1859 1860 
3587 1811 1860 1812 
3588 1812 1860 1861 
3589 1812 1861 1813 
3590 1813 1861 1862 
3591 1813 1862 1814 
3592 1814 1862 1863 
3593 1814 1863 1815 
3594 1815 1863 1864 
3595 1815 1864 1816 
3596 1816 1864 1865 
3597 1816 1865 1817 
3598 1817 1865 1866 
3599 1817 1866 21 
3600 21 1866 20 
3601 136 137 1818 
3602 1818 137 1867 
3603 1818 1867 1819 
3604 1819 1867 1868 
3605 1819 1868 1820 
3606 1820 1868 1869 
3607 1820 1869 1821 
3608 1821 1869 1870 
3609 1821 1870 1822 
3610 1822 1870 1871 
3611 1822 1871 1823 
3612 1823 1871 1872 
3613 1823 1872 1824 
3614 1824 1872 1873 
3615 1824 1873 1825 
3616 1825 1873 1874 
3617 1825 1874 1826 
3618 1826 1874 1875 
3619 1826 1875 1827 
3620 1827 1875 1876 
3621 1827 1876 1828 
3622 1828 1876 1877 
3623 1828 1877 1829 
3624 1829 1877 1878 
3625 1829 1878 1830 
3626 1830 1878 1879 
3627 1830 1879 1831 
3628 1831 1879 1880 
3629 1831 1880 1832 
3630 1832 1880 1881 
3631 1832 1881 1833 
3632 1833 1881 1882 
3633 1833 1882 1834 
3634 1834 1882 1883 
3635 1834 1883 1835 
3636 1835 1883 1884 
3637 1835 1884 1836 
3638 1836 1884 1885 
3639 1836 1885 1837 
3640 1837 1885 1886 
3641 1837 1886 1838 
3642 1838 1886 1887 
3643 1838 1887 1839 
3644 1839 1887 1888 
3645 1839 1888 1840 
3646 1840 1888 1889 
3647 1840 1889 1841 
3648 1841 1889 1890 
3649 1841 1890 1842 
3650 1842 1890 1891 
3651 1842 1891 1843 
3652 1843 1891 1892 
3653 1843 1892 1844 
3654 1844 1892 1893 
3655 1844 1893 1845 
3656 1845 1893 1894 
3657 1845 1894 1846 
3658 1846 1894 1895 
3659 1846 1895 1847 
3660 1847 1895 1896 
3661 1847 1896 1848 
3662 1848 1896 1897 
3663 1848 1897 1849 
3664 1849 1897 1898 
3665 1849 1898 1850 
3666 1850 1898 1899 
3667 1850 1899 1851 
3668 1851 1899 1900 
3669 1851 1900 1852 
3670 1852 1900 1901 
3671 1852 1901 1853 
3672 1853 1901 1902 
3673 1853 1902 1854 
3674 1854 1902 1903 
3675 1854 1903 1855 
3676 1855 1903 1904 
3677 1855 1904 1856 
3678 1856 1904 1905 
3679 1856 1905 1857 
3680 1857 1905 1906 
3681 1857 1906 1858 
3682 1858 1906 1907 
3683 1858 1907 1859 
3684 1859 1907 1908 
3685 1859 1908 1860 
3686 1860 1908 1909 
3687 1860 1909 1861 
3688 1861 1909 1910 
3689 1861 1910 1862 
3690 1862 1910 1911 
3691 1862 1911 1863 
3692 1863 1911 1912 
3693 1863 1912 1864 
3694 1864 1912 1913 
3695 1864 1913 1865 
3696 1865 1913 1914 
3697 1865 1914 1866 
3698 1866 1914 1915 
3699 1866 1915 20 
3700 20 1915 19 
3701 137 138 1867 
3702 1867 138 1916 
3703 1867 1916 1868 
3704 1868 1916 1917 
3705 1868 1917 1869 
3706 1869 1917 1918 
3707 1869 1918 1870 
3708 1870 1918 1919 
3709 1870 1919 1871 
3710 1871 1919 1920 
3711 1871 1920 1872 
3712 1872 1920 1921 
3713 1872 1921 1873 
3714 1873 1921 1922 
3715 1873 1922 1874 
3716 1874 1922 1923 
3717 1874 1923 1875 
3718 1875 1923 1924 
3719 1875 1924 1876 
3720 1876 1924 1925 
3721 1876 1925 1877 
3722 1877 1925 1926 
3723 1877 1926 1878 
3724 1878 1926 1927 
3725 1878 1927 1879 
3726 1879 1927 1928 
3727 1879 1928 1880 
3728 1880 1928 1929 
3729 1880 1929 1881 
3730 1881 1929 1930 
3731 1881 1930 1882 
3732 1882 1930 1931 
3733 1882 1931 1883 
3734 1883 1931 1932 
3735 1883 1932 1884 
3736 1884 1932 1933 
3737 1884 1933 1885 
3738 1885 1933 1934 
3739 1885 1934 1886 
3740 1886 1934 1935 
3741 1886 1935 1887 
3742 1887 1935 1936 
3743 1887 1936 1888 
3744 1888 1936 1937 
3745 1888 1937 1889 
3746 1889 1937 1938 
3747 1889 1938 1890 
3748 1890 1938 1939 
3749 1890 1939 1891 
3750 1891 1939 1940 
3751 1891 1940 1892 
3752 1892 1940 1941 
3753 1892 1941 1893 
3754 1893 1941 1942 
3755 1893 1942 1894 
3756 1894 1942 1943 
3757 1894 1943 1895 
3758 1895 1943 1944 
3759 1895 1944 1896 
3760 1896 1944 1945 
3761 1896 1945 1897 
3762 1897 1945 1946 
3763 1897 1946 1898 
3764 1898 1946 1947 
3765 1898 1947 1899 
3766 1899 1947 1948 
3767 1899 1948 1900 
3768 1900 1948 1949 
3769 1900 1949 1901 
3770 1901 1949 1950 
3771 1901 1950 1902 
3772 1902 1950 1951 
3773 1902 1951 1903 
3774 1903 1951 1952 
3775 1903 1952 1904 
3776 1904 1952 1953 
3777 1904 1953 1905 
3778 1905 1953 1954 
3779 1905 1954 1906 
3780 1906 1954 1955 
3781 1906 1955 1907 
3782 1907 1955 1956 
3783 1907 1956 1908 
3784 1908 1956 1957 
3785 1908 1957 1909 
3786 1909 1957 1958 
3787 1909 1958 1910 
3788 1910 1958 1959 
3789 1910 1959 1911 
3790 1911 1959 1960 
3791 1911 1960 1912 
3792 1912 1960 1961 
3793 1912 1961 1913 
3794 1913 1961 1962 
3795 1913 1962 1914 
3796 1914 1962 1963 
3797 1914 1963 1915 
3798 1915 1963 1964 
3799 1915 1964 19 
3800 19 1964 18 
3801 138 139 1916 
3802 1916 139 1965 
3803 1916 1965 1917 
3804 1917 1965 1966 
3805 1917 1966 1918 
3806 1918 1966 1967 
3807 1918 1967 1919 
3808 1919 1967 1968 
3809 1919 1968 1920 
3810 1920 1968 1969 
3811 1920 1969 1921 
3812 1921 1969 1970 
3813 1921 1970 1922 
3814 1922 1970 1971 
3815 1922 1971 1923 
3816 1923 1971 1972 
3817 1923 1972 1924 
3818 1924 1972 1973 
3819 1924 1973 1925 
3820 1925 1973 1974 
3821 1925 1974 1926 
3822 1926 1974 1975 
3823 1926 1975 1927 
3824 1927 1975 1976 
3825 1927 1976 1928 
3826 1928 1976 1977 
3827 1928 1977 1929 
3828 1929 1977 1978 
3829 1929 1978 1930 
3830 1930 1978 1979 
3831 1930 1979 1931 
3832 1931 1979 1980 
3833 1931 1980 1932 
3834 1932 1980 1981 
3835 1932 1981 1933 
3836 1933 1981 1982 
3837 1933 1982 1934 
3838 1934 1982 1983 
3839 1934 1983 1935 
3840 1935 1983 1984 
3841 1935 1984 1936 
3842 1936 1984 1985 
3843 1936 1985 1937 
3844 1937 1985 1986 
3845 1937 1986 1938 
3846 1938 1986 1987 
3847 1938 1987 1939 
3848 1939 1987 1988 
3849 1939 1988 1940 
3850 1940 1988 1989 
3851 1940 1989 1941 
3852 1941 1989 1990 
3853 1941 1990 1942 
3854 1942 1990 1991 
3855 1942 1991 1943 
3856 1943 1991 1992 
3857 1943 1992 1944 
3858 1944 1992 1993 
3859 1944 1993 1945 
3860 1945 1993 1994 
3861 1945 1994 1946 
3862 1946 1994 1995 
3863 1946 1995 1947 
3864 1947 1995 1996 
3865 1947 1996 1948 
3866 1948 1996 1997 
3867 1948 1997 1949 
3868 1949 1997 1998 
3869 1949 1998 1950 
3870 1950 1998 1999 
3871 1950 1999 1951 
3872 1951 1999 2000 
3873 1951 2000 1952 
3874 1952 2000 2001 
3875 1952 2001 1953 
3876 1953 2001 2002 
3877 1953 2002 1954 
3878 1954 2002 2003 
3879 1954 2003 1955 
3880 1955 2003 2004 
3881 1955 2004 1956 
3882 1956 2004 2005 
3883 1956 2005 1957 
3884 1957 2005 2006 
3885 1957 2006 1958 
3886 1958 2006 2007 
3887 1958 2007 1959 
3888 1959 2007 2008 
3889 1959 2008 1960 
3890 1960 2008 2009 
3891 1960 2009 1961 
3892 1961 2009 2010 
3893 1961 2010 1962 
3894 1962 2010 2011 
3895 1962 2011 1963 
3896 1963 2011 2012 
3897 1963 2012 1964 
3898 1964 2012 2013 
3899 1964 2013 18 
3900 18 2013 17 
3901 139 140 1965 
3902 1965 140 2014 
3903 1965 2014 1966 
3904 1966 2014 2015 
3905 1966 2015 1967 
3906 1967 2015 2016 
3907 1967 2016 1968 
3908 1968 2016 2017 
3909 1968 2017 1969 
3910 1969 2017 2018 
3911 1969 2018 1970 
3912 1970 2018 2019 
3913 1970 2019 1971 
3914 1971 2019 2020 
3915 1971 2020 1972 
3916 1972 2020 2021 
3917 1972 2021 1973 
3918 1973 2021 2022 
3919 1973 2022 1974 
3920 1974 2022 2023 
3921 1974 2023 1975 
3922 1975 2023 2024 
3923 1975 2024 1976 
3924 1976 2024 2025 
3925 1976 2025 1977 
3926 1977 2025 2026 
3927 1977 2026 1978 
3928 1978 2026 2027 
3929 1978 2027 1979 
3930 1979 2027 2028 
3931 1979 2028 1980 
3932 1980 2028 2029 
3933 1980 2029 1981 
3934 1981 2029 2030 
3935 1981 2030 1982 
3936 1982 2030 2031 
3937 1982 2031 1983 
3938 1983 2031 2032 
3939 1983 2032 1984 
3940 1984 2032 2033 
3941 1984 2033 1985 
3942 1985 2033 2034 
3943 1985 2034 1986 
3944 1986 2034 2035 
3945 1986 2035 1987 
3946 1987 2035 2036 
3947 1987 2036 1988 
3948 1988 2036 2037 
3949 1988 2037 1989 
3950 1989 2037 2038 
3951 1989 2038 1990 
3952 1990 2038 2039 
3953 1990 2039 1991 
3954 1991 2039 2040 
3955 1991 2040 1992 
3956 1992 2040 2041 
3957 1992 2041 1993 
3958 1993 2041 2042 
3959 1993 2042 1994 
3960 1994 2042 2043 
3961 1994 2043 1995 
3962 1995 2043 2044 
3963 1995 2044 1996 
3964 1996 2044 2045 
3965 1996 2045 1997 
3966 1997 2045 2046 
3967 1997 2046 1998 
3968 1998 2046 2047 
3969 1998 2047 1999 
3970 1999 2047 2048 
3971 1999 2048 2000 
3972 2000 2048 2049 
3973 2000 2049 2001 
3974 2001 2049 2050 
3975 2001 2050 2002 
3976 2002 2050 2051 
3977 2002 2051 2003 
3978 2003 2051 2052 
3979 2003 2052 2004 
3980 2004 2052 2053 
3981 2004 2053 2005 
3982 2005 2053 2054 
3983 2005 2054 2006 
3984 2006 2054 2055 
3985 2006 2055 2007 
3986 2007 2055 2056 
3987 2007 2056 2008 
3988 2008 2056 2057 
3989 2008 2057 2009 
3990 2009 2057 2058 
3991 2009 2058 2010 
3992 2010 2058 2059 
3993 2010 2059 2011 
3994 2011 2059 2060 
3995 2011 2060 2012 
3996 2012 2060 2061 
3997 2012 2061 2013 
3998 2013 2061 2062 
3999 2013 2062 17 
4000 17 2062 16 
4001 140 141 2014 
4002 2014 141 2063 
4003 2014 2063 2015 
4004 2015 2063 2064 
4005 2015 2064 2016 
4006 2016 2064 2065 
4007 2016 2065 2017 
4008 2017 2065 2066 
4009 2017 2066 2018 
4010 2018 2066 2067 
4011 2018 2067 2019 
4012 2019 2067 2068 
4013 2019 2068 2020 
4014 2020 2068 2069 
4015 2020 2069 2021 
4016 2021 2069 2070 
4017 2021 2070 2022 
4018 2022 2070 2071 
4019 2022 2071 2023 
4020 2023 2071 2072 
4021 2023 2072 2024 
4022 2024 2072 2073 
4023 2024 2073 2025 
4024 2025 2073 2074 
4025 2025 2074 2026 
4026 2026 2074 2075 
4027 2026 2075 2027 
4028 2027 2075 2076 
4029 2027 2076 2028 
4030 2028 2076 2077 
4031 2028 2077 2029 
4032 2029 2077 2078 
4033 2029 2078 2030 
4034 2030 2078 2079 
4035 2030 2079 2031 
4036 2031 2079 2080 
4037 2031 2080 2032 
4038 2032 2080 2081 
4039 2032 2081 2033 
4040 2033 2081 2082 
4041 2033 2082 2034 
4042 2034 2082 2083 
4043 2034 2083 2035 
4044 2035 2083 2084 
4045 2035 2084 2036 
4046 2036 2084 2085 
4047 2036 2085 2037 
4048 2037 2085 2086 
4049 2037 2086 2038 
4050 2038 2086 2087 
4051 2038 2087 2039 
4052 2039 2087 2088 
4053 2039 2088 2040 
4054 2040 2088 2089 
4055 2040 2089 2041 
4056 2041 2089 2090 
4057 2041 2090 2042 
4058 2042 2090 2091 
4059 2042 2091 2043 
4060 2043 2091 2092 
4061 2043 2092 2044 
4062 2044 2092 2093 
4063 2044 2093 2045 
4064 2045 2093 2094 
4065 2045 2094 2046 
4066 2046 2094 2095 
4067 2046 2095 2047 
4068 2047 2095 2096 
4069 2047 2096 2048 
4070 2048 2096 2097 
4071 2048 2097 2049 
4072 2049 2097 2098 
4073 2049 2098 2050 
4074 2050 2098 2099 
4075 2050 2099 2051 
4076 2051 2099 2100 
4077 2051 2100 2052 
4078 2052 2100 2101 
4079 2052 2101 2053 
4080 2053 2101 2102 
4081 2053 2102 2054 
4082 2054 2102 2103 
4083 2054 2103 2055 
4084 2055 2103 2104 
4085 2055 2104 2056 
4086 2056 2104 2105 
4087 2056 2105 2057 
4088 2057 2105 2106 
4089 2057 2106 2058 
4090 2058 2106 2107 
4091 2058 2107 2059 
4092 2059 2107 2108 
4093 2059 2108 2060 
4094 2060 2108 2109 
4095 2060 2109 2061 
4096 2061 2109 2110 
4097 2061 2110 2062 
4098 2062 2110 2111 
4099 2062 2111 16 
4100 16 2111 15 
4101 141 142 2063 
4102 2063 142 2112 
4103 2063 2112 2064 
4104 2064 2112 2113 
4105 2064 2113 2065 
4106 2065 2113 2114 
4107 2065 2114 2066 
4108 2066 2114 2115 
4109 2066 2115 2067 
4110 2067 2115 2116 
4111 2067 2116 2068 
4112 2068 2116 2117 
4113 2068 2117 2069 
4114 2069 2117 2118 
4115 2069 2118 2070 
4116 2070 2118 2119 
4117 2070 2119 2071 
4118 2071 2119 2120 
4119 2071 2120 2072 
4120 2072 2120 2121 
4121 2072 2121 2073 
4122 2073 2121 2122 
4123 2073 2122 2074 
4124 2074 2122 2123 
4125 2074 2123 2075 
4126 2075 2123 2124 
4127 2075 2124 2076 
4128 2076 2124 2125 
4129 2076 2125 2077 
4130 2077 2125 2126 
4131 2077 2126 2078 
4132 2078 2126 2127 
4133 2078 2127 2079 
4134 2079 2127 2128 
4135 2079 2128 2080 
4136 2080 2128 2129 
4137 2080 2129 2081 
4138 2081 2129 2130 
4139 2081 2130 2082 
4140 2082 2130 2131 
4141 2082 2131 2083 
4142 2083 2131 2132 
4143 2083 2132 2084 
4144 2084 2132 2133 
4145 2084 2133 2085 
4146 2085 2133 2134 
4147 2085 2134 2086 
4148 2086 2134 2135 
4149 2086 2135 2087 
4150 2087 2135 2136 
4151 2087 2136 2088 
4152 2088 2136 2137 
4153 2088 2137 2089 
4154 2089 2137 2138 
4155 2089 2138 2090 
4156 2090 2138 2139 
4157 2090 2139 2091 
4158 2091 2139 2140 
4159 2091 2140 2092 
4160 2092 2140 2141 
4161 2092 2141 2093 
4162 2093 2141 2142 
4163 2093 2142 2094 
4164 2094 2142 2143 
4165 2094 2143 2095 
4166 2095 2143 2144 
4167 2095 2144 2096 
4168 2096 2144 2145 
4169 2096 2145 2097 
4170 2097 2145 2146 
4171 2097 2146 2098 
4172 2098 2146 2147 
4173 2098 2147 2099 
4174 2099 2147 2148 
4175 2099 2148 2100 
4176 2100 2148 2149 
4177 2100 2149 2101 
4178 2101 2149 2150 
4179 2101 2150 2102 
4180 2102 2150 2151 
4181 2102 2151 2103 
4182 2103 2151 2152 
4183 2103 2152 2104 
4184 2104 2152 2153 
4185 2104 2153 2105 
4186 2105 2153 2154 
4187 2105 2154 2106 
4188 2106 2154 2155 
4189 2106 2155 2107 
4190 2107 2155 2156 
4191 2107 2156 2108 
4192 2108 2156 2157 
4193 2108 2157 2109 
4194 2109 2157 2158 
4195 2109 2158 2110 
4196 2110 2158 2159 
4197 2110 2159 2111 
4198 2111 2159 2160 
4199 2111 2160 15 
4200 15 2160 14 
4201 142 143 2112 
4202 2112 143 2161 
4203 2112 2161 2113 
4204 2113 2161 2162 
4205 2113 2162 2114 
4206 2114 2162 2163 
4207 2114 2163 2115 
4208 2115 2163 2164 
4209 2115 2164 2116 
4210 2116 2164 2165 
4211 2116 2165 2117 
4212 2117 2165 2166 
4213 2117 2166 2118 
4214 2118 2166 2167 
4215 2118 2167 2119 
4216 2119 2167 2168 
4217 2119 2168 2120 
4218 2120 2168 2169 
4219 2120 2169 2121 
4220 2121 2169 2170 
4221 2121 2170 2122 
4222 2122 2170 2171 
4223 2122 2171 2123 
4224 2123 2171 2172 
4225 2123 2172 2124 
4226 2124 2172 2173 
4227 2124 2173 2125 
4228 2125 2173 2174 
4229 2125 2174 2126 
4230 2126 2174 2175 
4231 2126 2175 2127 
4232 2127 2175 2176 
4233 2127 2176 2128 
4234 2128 2176 2177 
4235 2128 2177 2129 
4236 2129 2177 2178 
4237 2129 2178 2130 
4238 2130 2178 2179 
4239 2130 2179 2131 
4240 2131 2179 2180 
4241 2131 2180 2132 
4242 2132 2180 2181 
4243 2132 2181 2133 
4244 2133 2181 2182 
4245 2133 2182 2134 
4246 2134 2182 2183 
4247 2134 2183 2135 
4248 2135 2183 2184 
4249 2135 2184 2136 
4250 2136 2184 2185 
4251 2136 2185 2137 
4252 2137 2185 2186 
4253 2137 2186 2138 
4254 2138 2186 2187 
4255 2138 2187 2139 
4256 2139 2187 2188 
4257 2139 2188 2140 
4258 2140 2188 2189 
4259 2140 2189 2141 
4260 2141 2189 2190 
4261 2141 2190 2142 
4262 2142 2190 2191 
4263 2142 2191 2143 
4264 2143 2191 2192 
4265 2143 2192 2144 
4266 2144 2192 2193 
4267 2144 2193 2145 
4268 2145 2193 2194 
4269 2145 2194 2146 
4270 2146 2194 2195 
4271 2146 2195 2147 
4272 2147 2195 2196 
4273 2147 2196 2148 
4274 2148 2196 2197 
4275 2148 2197 2149 
4276 2149 2197 2198 
4277 2149 2198 2150 
4278 2150 2198 2199 
4279 2150 2199 2151 
4280 2151 2199 2200 
4281 2151 2200 2152 
4282 2152 2200 2201 
4283 2152 2201 2153 
4284 2153 2201 2202 
4285 2153 2202 2154 
4286 2154 2202 2203 
4287 2154 2203 2155 
4288 2155 2203 2204 
4289 2155 2204 2156 
4290 2156 2204 2205 
4291 2156 2205 2157 
4292 2157 2205 2206 
4293 2157 2206 2158 
4294 2158 2206 2207 
4295 2158 2207 2159 
4296 2159 2207 2208 
4297 2159 2208 2160 
4298 2160 2208 2209 
4299 2160 2209 14 
4300 14 2209 13 
4301 143 144 2161 
4302 2161 144 2210 
4303 2161 2210 2162 
4304 2162 2210 2211 
4305 2162 2211 2163 
4306 2163 2211 2212 
4307 2163 2212 2164 
4308 2164 2212 2213 
4309 2164 2213 2165 
4310 2165 2213 2214 
4311 2165 2214 2166 
4312 2166 2214 2215 
4313 2166 2215 2167 
4314 2167 2215 2216 
4315 2167 2216 2168 
4316 2168 2216 2217 
4317 2168 2217 2169 
4318 2169 2217 2218 
4319 2169 2218 2170 
4320 2170 2218 2219 
4321 2170 2219 2171 
4322 2171 2219 2220 
4323 2171 2220 2172 
4324 2172 2220 2221 
4325 2172 2221 2173 
4326 2173 2221 2222 
4327 2173 2222 2174 
4328 2174 2222 2223 
4329 2174 2223 2175 
4330 2175 2223 2224 
4331 2175 2224 2176 
4332 2176 2224 2225 
4333 2176 2225 2177 
4334 2177 2225 2226 
4335 2177 2226 2178 
4336 2178 2226 2227 
4337 2178 2227 2179 
4338 2179 2227 2228 
4339 2179 2228 2180 
4340 2180 2228 2229 
4341 2180 2229 2181 
4342 2181 2229 2230 
4343 2181 2230 2182 
4344 2182 2230 2231 
4345 2182 2231 2183 
4346 2183 2231 2232 
4347 2183 2232 2184 
4348 2184 2232 2233 
4349 2184 2233 2185 
4350 2185 2233 2234 
4351 2185 2234 2186 
4352 2186 2234 2235 
4353 2186 2235 2187 
4354 2187 2235 2236 
4355 2187 2236 2188 
4356 2188 2236 2237 
4357 2188 2237 2189 
4358 2189 2237 2238 
4359 2189 2238 2190 
4360 2190 2238 2239 
4361 2190 2239 2191 
4362 2191 2239 2240 
4363 2191 2240 2192 
4364 2192 2240 2241 
4365 2192 2241 2193 
4366 2193 2241 2242 
4367 2193 2242 2194 
4368 2194 2242 2243 
4369 2194 2243 2195 
4370 2195 2243 2244 
4371 2195 2244 2196 
4372 2196 2244 2245 
4373 2196 2245 2197 
4374 2197 2245 2246 
4375 2197 2246 2198 
4376 2198 2246 2247 
4377 2198 2247 2199 
4378 2199 2247 2248 
4379 2199 2248 2200 
4380 2200 2248 2249 
4381 2200 2249 2201 
4382 2201 2249 2250 
4383 2201 2250 2202 
4384 2202 2250 2251 
4385 2202 2251 2203 
4386 2203 2251 2252 
4387 2203 2252 2204 
4388 2204 2252 2253 
4389 2204 2253 2205 
4390 2205 2253 2254 
4391 2205 2254 2206 
4392 2206 2254 2255 
4393 2206 2255 2207 
4394 2207 2255 2256 
4395 2207 2256 2208 
4396 2208 2256 2257 
4397 2208 2257 2209 
4398 2209 2257 2258 
4399 2209 2258 13 
4400 13 2258 12 
4401 144 145 2210 
4402 2210 145 2259 
4403 2210 2259 2211 
4404 2211 2259 2260 
4405 2211 2260 2212 
4406 2212 2260 2261 
4407 2212 2261 2213 
4408 2213 2261 2262 
4409 2213 2262 2214 
4410 2214 2262 2263 
4411 2214 2263 2215 
4412 2215 2263 2264 
4413 2215 2264 2216 
4414 2216 2264 2265 
4415 2216 2265 2217 
4416 2217 2265 2266 
4417 2217 2266 2218 
4418 2218 2266 2267 
4419 2218 2267 2219 
4420 2219 2267 2268 
4421 2219 2268 2220 
4422 2220 2268 2269 
4423 2220 2269 2221 
4424 2221 2269 2270 
4425 2221 2270 2222 
4426 2222 2270 2271 
4427 2222 2271 2223 
4428 2223 2271 2272 
4429 2223 2272 2224 
4430 2224 2272 2273 
4431 2224 2273 2225 
4432 2225 2273 2274 
4433 2225 2274 2226 
4434 2226 2274 2275 
4435 2226 2275 2227 
4436 2227 2275 2276 
4437 2227 2276 2228 
4438 2228 2276 2277 
4439 2228 2277 2229 
4440 2229 2277 2278 
4441 2229 2278 2230 
4442 2230 2278 2279 
4443 2230 2279 2231 
4444 2231 2279 2280 
4445 2231 2280 2232 
4446 2232 2280 2281 
4447 2232 2281 2233 
4448 2233 2281 2282 
4449 2233 2282 2234 
4450 2234 2282 2283 
4451 2234 2283 2235 
4452 2235 2283 2284 
4453 2235 2284 2236 
4454 2236 2284 2285 
4455 2236 2285 2237 
4456 2237 2285 2286 
4457 2237 2286 2238 
4458 2238 2286 2287 
4459 2238 2287 2239 
4460 2239 2287 2288 
4461 2239 2288 2240 
4462 2240 2288 2289 
4463 2240 2289 2241 
4464 2241 2289 2290 
4465 2241 2290 2242 
4466 2242 2290 2291 
4467 2242 2291 2243 
4468 2243 2291 2292 
4469 2243 2292 2244 
4470 2244 2292 2293 
4471 2244 2293 2245 
4472 2245 2293 2294 
4473 2245 2294 2246 
4474 2246 2294 2295 
4475 2246 2295 2247 
4476 2247 2295 2296 
4477 2247 2296 2248 
4478 2248 2296 2297 
4479 2248 2297 2249 
4480 2249 2297 2298 
4481 2249 2298 2250 
4482 2250 2298 2299 
4483 2250 2299 2251 
4484 2251 2299 2300 
4485 2251 2300 2252 
4486 2252 2300 2301 
4487 2252 2301 2253 
4488 2253 2301 2302 
4489 2253 2302 2254 
4490 2254 2302 2303 
4491 2254 2303 2255 
4492 2255 2303 2304 
4493 2255 2304 2256 
4494 2256 2304 2305 
4495 2256 2305 2257 
4496 2257 2305 2306 
4497 2257 2306 2258 
4498 2258 2306 2307 
4499 2258 2307 12 
4500 12 2307 11 
4501 145 146 2259 
4502 2259 146 2308 
4503 2259 2308 2260 
4504 2260 2308 2309 
4505 2260 2309 2261 
4506 2261 2309 2310 
4507 2261 2310 2262 
4508 2262 2310 2311 
4509 2262 2311 2263 
4510 2263 2311 2312 
4511 2263 2312 2264 
4512 2264 2312 2313 
4513 2264 2313 2265 
4514 2265 2313 2314 
4515 2265 2314 2266 
4516 2266 2314 2315 
4517 2266 2315 2267 
4518 2267 2315 2316 
4519 2267 2316 2268 
4520 2268 2316 2317 
4521 2268 2317 2269 
4522 2269 2317 2318 
4523 2269 2318 2270 
4524 2270 2318 2319 
4525 2270 2319 2271 
4526 2271 2319 2320 
4527 2271 2320 2272 
4528 2272 2320 2321 
4529 2272 2321 2273 
4530 2273 2321 2322 
4531 2273 2322 2274 
4532 2274 2322 2323 
4533 2274 2323 2275 
4534 2275 2323 2324 
4535 2275 2324 2276 
4536 2276 2324 2325 
4537 2276 2325 2277 
4538 2277 2325 2326 
4539 2277 2326 2278 
4540 2278 2326 2327 
4541 2278 2327 2279 
4542 2279 2327 2328 
4543 2279 2328 2280 
4544 2280 2328 2329 
4545 2280 2329 2281 
4546 2281 2329 2330 
4547 2281 2330 2282 
4548 2282 2330 2331 
4549 2282 2331 2283 
4550 2283 2331 2332 
4551 2283 2332 2284 
4552 2284 2332 2333 
4553 2284 2333 2285 
4554 2285 2333 2334 
4555 2285 2334 2286 
4556 2286 2334 2335 
4557 2286 2335 2287 
4558 2287 2335 2336 
4559 2287 2336 2288 
4560 2288 2336 2337 
4561 2288 2337 2289 
4562 2289 2337 2338 
4563 2289 2338 2290 
4564 2290 2338 2339 
4565 2290 2339 2291 
4566 2291 2339 2340 
4567 2291 2340 2292 
4568 2292 2340 2341 
4569 2292 2341 2293 
4570 2293 2341 2342 
4571 2293 2342 2294 
4572 2294 2342 2343 
4573 2294 2343 2295 
4574 2295 2343 2344 
4575 2295 2344 2296 
4576 2296 2344 2345 
4577 2296 2345 2297 
4578 2297 2345 2346 
4579 2297 2346 2298 
4580 2298 2346 2347 
4581 2298 2347 2299 
4582 2299 2347 2348 
4583 2299 2348 2300 
4584 2300 2348 2349 
4585 2300 2349 2301 
4586 2301 2349 2350 
4587 2301 2350 2302 
4588 2302 2350 2351 
4589 2302 2351 2303 
4590 2303 2351 2352 
4591 2303 2352 2304 
4592 2304 2352 2353 
4593 2304 2353 2305 
4594 2305 2353 2354 
4595 2305 2354 2306 
4596 2306 2354 2355 
4597 2306 2355 2307 
4598 2307 2355 2356 
4599 2307 2356 11 
4600 11 2356 10 
4601 146 147 2308 
4602 2308 147 2357 
4603 2308 2357 2309 
4604 2309 2357 2358 
4605 2309 2358 2310 
4606 2310 2358 2359 
4607 2310 2359 2311 
4608 2311 2359 2360 
4609 2311 2360 2312 
4610 2312 2360 2361 
4611 2312 2361 2313 
4612 2313 2361 2362 
4613 2313 2362 2314 
4614 2314 2362 2363 
4615 2314 2363 2315 
4616 2315 2363 2364 
4617 2315 2364 2316 
4618 2316 2364 2365 
4619 2316 2365 2317 
4620 2317 2365 2366 
4621 2317 2366 2318 
4622 2318 2366 2367 
4623 2318 2367 2319 
4624 2319 2367 2368 
4625 2319 2368 2320 
4626 2320 2368 2369 
4627 2320 2369 2321 
4628 2321 2369 2370 
4629 2321 2370 2322 
4630 2322 2370 2371 
4631 2322 2371 2323 
4632 2323 2371 2372 
4633 2323 2372 2324 
4634 2324 2372 2373 
4635 2324 2373 2325 
4636 2325 2373 2374 
4637 2325 2374 2326 
4638 2326 2374 2375 
4639 2326 2375 2327 
4640 2327 2375 2376 
4641 2327 2376 2328 
4642 2328 2376 2377 
4643 2328 2377 2329 
4644 2329 2377 2378 
4645 2329 2378 2330 
4646 2330 2378 2379 
4647 2330 2379 2331 
4648 2331 2379 2380 
4649 2331 2380 2332 
4650 2332 2380 2381 
4651 2332 2381 2333 
4652 2333 2381 2382 
4653 2333 2382 2334 
4654 2334 2382 2383 
4655 2334 2383 2335 
4656 2335 2383 2384 
4657 2335 2384 2336 
4658 2336 2384 2385 
4659 2336 2385 2337 
4660 2337 2385 2386 
4661 2337 2386 2338 
4662 2338 2386 2387 
4663 2338 2387 2339 
4664 2339 2387 2388 
4665 2339 2388 2340 
4666 2340 2388 2389 
4667 2340 2389 2341 
4668 2341 2389 2390 
4669 2341 2390 2342 
4670 2342 2390 2391 
4671 2342 2391 2343 
4672 2343 2391 2392 
4673 2343 2392 2344 
4674 2344 2392 2393 
4675 2344 2393 2345 
4676 2345 2393 2394 
4677 2345 2394 2346 
4678 2346 2394 2395 
4679 2346 2395 2347 
4680 2347 2395 2396 
4681 2347 2396 2348 
4682 2348 2396 2397 
4683 2348 2397 2349 
4684 2349 2397 2398 
4685 2349 2398 2350 
4686 2350 2398 2399 
4687 2350 2399 2351 
4688 2351 2399 2400 
4689 2351 2400 2352 
4690 2352 2400 2401 
4691 2352 2401 2353 
4692 2353 2401 2402 
4693 2353 2402 2354 
4694 2354 2402 2403 
4695 2354 2403 2355 
4696 2355 2403 2404 
4697 2355 2404 2356 
4698 2356 2404 2405 
4699 2356 2405 10 
4700 10 2405 9 
4701 147 148 2357 
4702 2357 148 2406 
4703 2357 2406 2358 
4704 2358 2406 2407 
4705 2358 2407 2359 
4706 2359 2407 2408 
4707 2359 2408 2360 
4708 2360 2408 2409 
4709 2360 2409 2361 
4710 2361 2409 2410 
4711 2361 2410 2362 
4712 2362 2410 2411 
4713 2362 2411 2363 
4714 2363 2411 2412 
4715 2363 2412 2364 
4716 2364 2412 2413 
4717 2364 2413 2365 
4718 2365 2413 2414 
4719 2365 2414 2366 
4720 2366 2414 2415 
4721 2366 2415 2367 
4722 2367 2415 2416 
4723 2367 2416 2368 
4724 2368 2416 2417 
4725 2368 2417 2369 
4726 2369 2417 2418 
4727 2369 2418 2370 
4728 2370 2418 2419 
4729 2370 2419 2371 
4730 2371 2419 2420 
4731 2371 2420 2372 
4732 2372 2420 2421 
4733 2372 2421 2373 
4734 2373 2421 2422 
4735 2373 2422 2374 
4736 2374 2422 2423 
4737 2374 2423 2375 
4738 2375 2423 2424 
4739 2375 2424 2376 
4740 2376 2424 2425 
4741 2376 2425 2377 
4742 2377 2425 2426 
4743 2377 2426 2378 
4744 2378 2426 2427 
4745 2378 2427 2379 
4746 2379 2427 2428 
4747 2379 2428 2380 
4748 2380 2428 2429 
4749 2380 2429 2381 
4750 2381 2429 2430 
4751 2381 2430 2382 
4752 2382 2430 2431 
4753 2382 2431 2383 
4754 2383 2431 2432 
4755 2383 2432 2384 
4756 2384 2432 2433 
4757 2384 2433 2385 
4758 2385 2433 2434 
4759 2385 2434 2386 
4760 2386 2434 2435 
4761 2386 2435 2387 
4762 2387 2435 2436 
4763 2387 2436 2388 
4764 2388 2436 2437 
4765 2388 2437 2389 
4766 2389 2437 2438 
4767 2389 2438 2390 
4768 2390 2438 2439 
4769 2390 2439 2391 
4770 2391 2439 2440 
4771 2391 2440 2392 
4772 2392 2440 2441 
4773 2392 2441 2393 
4774 2393 2441 2442 
4775 2393 2442 2394 
4776 2394 2442 2443 
4777 2394 2443 2395 
4778 2395 2443 2444 
4779 2395 2444 2396 
4780 2396 2444 2445 
4781 2396 2445 2397 
4782 2397 2445 2446 
4783 2397 2446 2398 
4784 2398 2446 2447 
4785 2398 2447 2399 
4786 2399 2447 2448 
4787 2399 2448 2400 
4788 2400 2448 2449 
4789 2400 2449 2401 
4790 2401 2449 2450 
4791 2401 2450 2402 
4792 2402 2450 2451 
4793 2402 2451 2403 
4794 2403 2451 2452 
4795 2403 2452 2404 
4796 2404 2452 2453 
4797 2404 2453 2405 
4798 2405 2453 2454 
4799 2405 2454 9 
4800 9 2454 8 
4801 148 149 2406 
4802 2406 149 2455 
4803 2406 2455 2407 
4804 2407 2455 2456 
4805 2407 2456 2408 
4806 2408 2456 2457 
4807 2408 2457 2409 
4808 2409 2457 2458 
4809 2409 2458 2410 
4810 2410 2458 2459 
4811 2410 2459 2411 
4812 2411 2459 2460 
4813 2411 2460 2412 
4814 2412 2460 2461 
4815 2412 2461 2413 
4816 2413 2461 2462 
4817 2413 2462 2414 
4818 2414 2462 2463 
4819 2414 2463 2415 
4820 2415 2463 2464 
4821 2415 2464 2416 
4822 2416 2464 2465 
4823 2416 2465 2417 
4824 2417 2465 2466 
4825 2417 2466 2418 
4826 2418 2466 2467 
4827 2418 2467 2419 
4828 2419 2467 2468 
4829 2419 2468 2420 
4830 2420 2468 2469 
4831 2420 2469 2421 
4832 2421 2469 2470 
4833 2421 2470 2422 
4834 2422 2470 2471 
4835 2422 2471 2423 
4836 2423 2471 2472 
4837 2423 2472 2424 
4838 2424 2472 2473 
4839 2424 2473 2425 
4840 2425 2473 2474 
4841 2425 2474 2426 
4842 2426 2474 2475 
4843 2426 2475 2427 
4844 2427 2475 2476 
4845 2427 2476 2428 
4846 2428 2476 2477 
4847 2428 2477 2429 
4848 2429 2477 2478 
4849 2429 2478 2430 
4850 2430 2478 2479 
4851 2430 2479 2431 
4852 2431 2479 2480 
4853 2431 2480 2432 
4854 2432 2480 2481 
4855 2432 2481 2433 
4856 2433 2481 2482 
4857 2433 2482 2434 
4858 2434 2482 2483 
4859 2434 2483 2435 
4860 2435 2483 2484 
4861 2435 2484 2436 
4862 2436 2484 2485 
4863 2436 2485 2437 
4864 2437 2485 2486 
4865 2437 2486 2438 
4866 2438 2486 2487 
4867 2438 2487 2439 
4868 2439 2487 2488 
4869 2439 2488 2440 
4870 2440 2488 2489 
4871 2440 2489 2441 
4872 2441 2489 2490 
4873 2441 2490 2442 
4874 2442 2490 2491 
4875 2442 2491 2443 
4876 2443 2491 2492 
4877 2443 2492 2444 
4878 2444 2492 2493 
4879 2444 2493 2445 
4880 2445 2493 2494 
4881 2445 2494 2446 
4882 2446 2494 2495 
4883 2446 2495 2447 
4884 2447 2495 2496 
4885 2447 2496 2448 
4886 2448 2496 2497 
4887 2448 2497 2449 
4888 2449 2497 2498 
4889 2449 2498 2450 
4890 2450 2498 2499 
4891 2450 2499 2451 
4892 2451 2499 2500 
4893 2451 2500 2452 
4894 2452 2500 2501 
4895 2452 2501 2453 
4896 2453 2501 2502 
4897 2453 2502 2454 
4898 2454 2502 2503 
4899 2454 2503 8 
4900 8 2503 7 
4901 149 150 2455 
4902 2455 150 2504 
4903 2455 2504 2456 
4904 2456 2504 2505 
4905 2456 2505 2457 
4906 2457 2505 2506 
4907 2457 2506 2458 
4908 2458 2506 2507 
4909 2458 2507 2459 
4910 2459 2507 2508 
4911 2459 2508 2460 
4912 2460 2508 2509 
4913 2460 2509 2461 
4914 2461 2509 2510 
4915 2461 2510 2462 
4916 2462 2510 2511 
4917 2462 2511 2463 
4918 2463 2511 2512 
4919 2463 2512 2464 
4920 2464 2512 2513 
4921 2464 2513 2465 
4922 2465 2513 2514 
4923 2465 2514 2466 
4924 2466 2514 2515 
4925 2466 2515 2467 
4926 2467 2515 2516 
4927 2467 2516 2468 
4928 2468 2516 2517 
4929 2468 2517 2469 
4930 2469 2517 2518 
4931 2469 2518 2470 
4932 2470 2518 2519 
4933 2470 2519 2471 
4934 2471 2519 2520 
4935 2471 2520 2472 
4936 2472 2520 2521 
4937 2472 2521 2473 
4938 2473 2521 2522 
4939 2473 2522 2474 
4940 2474 2522 2523 
4941 2474 2523 2475 
4942 2475 2523 2524 
4943 2475 2524 2476 
4944 2476 2524 2525 
4945 2476 2525 2477 
4946 2477 2525 2526 
4947 2477 2526 2478 
4948 2478 2526 2527 
4949 2478 2527 2479 
4950 2479 2527 2528 
4951 2479 2528 2480 
4952 2480 2528 2529 
4953 2480 2529 2481 
4954 2481 2529 2530 
4955 2481 2530 2482 
4956 2482 2530 2531 
4957 2482 2531 2483 
4958 2483 2531 2532 
4959 2483 2532 2484 
4960 2484 2532 2533 
4961 2484 2533 2485 
4962 2485 2533 2534 
4963 2485 2534 2486 
4964 2486 2534 2535 
4965 2486 2535 2487 
4966 2487 2535 2536 
4967 2487 2536 2488 
4968 2488 2536 2537 
4969 2488 2537 2489 
4970 2489 2537 2538 
4971 2489 2538 2490 
4972 2490 2538 2539 
4973 2490 2539 2491 
4974 2491 2539 2540 
4975 2491 2540 2492 
4976 2492 2540 2541 
4977 2492 2541 2493 
4978 2493 2541 2542 
4979 2493 2542 2494 
4980 2494 2542 2543 
4981 2494 2543 2495 
4982 2495 2543 2544 
4983 2495 2544 2496 
4984 2496 2544 2545 
4985 2496 2545 2497 
4986 2497 2545 2546 
4987 2497 2546 2498 
4988 2498 2546 2547 
4989 2498 2547 2499 
4990 2499 2547 2548 
4991 2499 2548 2500 
4992 2500 2548 2549 
4993 2500 2549 2501 
4994 2501 2549 2550 
4995 2501 2550 2502 
4996 2502 2550 2551 
4997 2502 2551 2503 
4998 2503 2551 2552 
4999 2503 2552 7 
5000 7 2552 6 
5001 150 151 2504 
5002 2504 151 2553 
5003 2504 2553 2505 
5004 2505 2553 2554 
5005 2505 2554 2506 
5006 2506 2554 2555 
5007 2506 2555 2507 
5008 2507 2555 2556 
5009 2507 2556 2508 
5010 2508 2556 2557 
5011 2508 2557 2509 
5012 2509 2557 2558 
5013 2509 2558 2510 
5014 2510 2558 2559 
5015 2510 2559 2511 
5016 2511 2559 2560 
5017 2511 2560 2512 
5018 2512 2560 2561 
5019 2512 2561 2513 
5020 2513 2561 2562 
5021 2513 2562 2514 
5022 2514 2562 2563 
5023 2514 2563 2515 
5024 2515 2563 2564 
5025 2515 2564 2516 
5026 2516 2564 2565 
5027 2516 2565 2517 
5028 2517 2565 2566 
5029 2517 2566 2518 
5030 2518 2566 2567 
5031 2518 2567 2519 
5032 2519 2567 2568 
5033 2519 2568 2520 
5034 2520 2568 2569 
5035 2520 2569 2521 
5036 2521 2569 2570 
5037 2521 2570 2522 
5038 2522 2570 2571 
5039 2522 2571 2523 
5040 2523 2571 2572 
5041 2523 2572 2524 
5042 2524 2572 2573 
5043 2524 2573 2525 
5044 2525 2573 2574 
5045 2525 2574 2526 
5046 2526 2574 2575 
5047 2526 2575 2527 
5048 2527 2575 2576 
5049 2527 2576 2528 
5050 2528 2576 2577 
5051 2528 2577 2529 
5052 2529 2577 2578 
5053 2529 2578 2530 
5054 2530 2578 2579 
5055 2530 2579 2531 
5056 2531 2579 2580 
5057 2531 2580 2532 
5058 2532 2580 2581 
5059 2532 2581 2533 
5060 2533 2581 2582 
5061 2533 2582 2534 
5062 2534 2582 2583 
5063 2534 2583 2535 
5064 2535 2583 2584 
5065 2535 2584 2536 
5066 2536 2584 2585 
5067 2536 2585 2537 
5068 2537 2585 2586 
5069 2537 2586 2538 
5070 2538 2586 2587 
5071 2538 2587 2539 
5072 2539 2587 2588 
5073 2539 2588 2540 
5074 2540 2588 2589 
5075 2540 2589 2541 
5076 2541 2589 2590 
5077 2541 2590 2542 
5078 2542 2590 2591 
5079 2542 2591 2543 
5080 2543 2591 2592 
5081 2543 2592 2544 
5082 2544 2592 2593 
5083 2544 2593 2545 
5084 2545 2593 2594 
5085 2545 2594 2546 
5086 2546 2594 2595 
5087 2546 2595 2547 
5088 2547 2595 2596 
5089 2547 2596 2548 
5090 2548 2596 2597 
5091 2548 2597 2549 
5092 2549 2597 2598 
5093 2549 2598 2550 
5094 2550 2598 2599 
5095 2550 2599 2551 
5096 2551 2599 2600 
5097 2551 2600 2552 
5098 2552 2600 2601 
5099 2552 2601 6 
5100 6 2601 5 
5101 151 4 2553 
5102 2553 4 152 
5103 2553 152 2554 
5104 2554 152 153 
5105 2554 153 2555 
5106 2555 153 154 
5107 2555 154 2556 
5108 2556 154 155 
5109 2556 155 2557 
5110 2557 155 156 
5111 2557 156 2558 
5112 2558 156 157 
5113 2558 157 2559 
5114 2559 157 158 
5115 2559 158 2560 
5116 2560 158 159 
5117 2560 159 2561 
5118 2561 159 160 
5119 2561 160 2562 
5120 2562 160 161 
5121 2562 161 2563 
5122 2563 161 162 
5123 2563 162 2564 
5124 2564 162 163 
5125 2564 163 2565 
5126 2565 163 164 
5127 2565 164 2566 
5128 2566 164 165 
5129 2566 165 2567 
5130 2567 165 166 
5131 2567 166 2568 
5132 2568 166 167 
5133 2568 167 2569 
5134 2569 167 168 
5135 2569 168 2570 
5136 2570 168 169 
5137 2570 169 2571 
5138 2571 169 170 
5139 2571 170 2572 
5140 2572 170 171 
5141 2572 171 2573 
5142 2573 171 172 
5143 2573 172 2574 
5144 2574 172 173 
5145 2574 173 2575 
5146 2575 173 174 
5147 2575 174 2576 
5148 2576 174 175 
5149 2576 175 2577 
5150 2577 175 176 
5151 2577 176 2578 
5152 2578 176 177 
5153 2578 177 2579 
5154 2579 177 178 
5155 2579 178 2580 
5156 2580 178 179 
5157 2580 179 2581 
5158 2581 179 180 
5159 2581 180 2582 
5160 2582 180 181 
5161 2582 181 2583 
5162 2583 181 182 
5163 2583 182 2584 
5164 2584 182 183 
5165 2584 183 2585 
5166 2585 183 184 
5167 2585 184 2586 
5168 2586 184 185 
5169 2586 185 2587 
5170 2587 185 186 
5171 2587 186 2588 
5172 2588 186 187 
5173 2588 187 2589 
5174 2589 187 188 
5175 2589 188 2590 
5176 2590 188 189 
5177 2590 189 2591 
5178 2591 189 190 
5179 2591 190 2592 
5180 2592 190 191 
5181 2592 191 2593 
5182 2593 191 192 
5183 2593 192 2594 
5184 2594 192 193 
5185 2594 193 2595 
5186 2595 193 194 
5187 2595 194 2596 
5188 2596 194 195 
5189 2596 195 2597 
5190 2597 195 196 
5191 2597 196 2598 
5192 2598 196 197 
5193 2598 197 2599 
5194 2599 197 198 
5195 2599 198 2600 
5196 2600 198 199 
5197 2600 199 2601 
5198 2601 199 200 
5199 2601 200 5 
5200 5 200 1 
$EndElements
